stationOwnerId,waterType,date,orders,totalSales
station_owner_1748553678487,Distilled,2025-08-19,1,135.0
station_owner_1748553678487,Distilled,2025-08-31,1,110.0
station_owner_1748553678487,Distilled,2025-09-03,1,110.0
station_owner_1748553678487,Distilled,2025-09-05,1,110.0
station_owner_1748553678487,Distilled,2025-09-12,1,110.0
station_owner_1748555927568,Mineral,2025-08-03,1,65.0
station_owner_1748555927568,Mineral,2025-08-09,1,5.0
station_owner_1748555927568,Mineral,2025-08-12,1,5.0
station_owner_1748555927568,Mineral,2025-08-13,1,5.0
station_owner_1748555927568,Mineral,2025-08-14,2,70.0
station_owner_1748555927568,Mineral,2025-08-23,1,35.0
station_owner_1748555927568,Mineral,2025-08-25,1,5.0
station_owner_1748555927568,Mineral,2025-09-06,1,5.0
station_owner_1748555927568,Mineral,2025-09-07,1,5.0
station_owner_1748555927568,Mineral,2025-09-08,2,10.0
station_owner_1748555927568,Mineral,2025-09-13,1,65.0
station_owner_1748555927568,Mineral,2025-09-23,1,5.0
station_owner_1748555927568,Mineral,2025-09-28,1,5.0
station_owner_1748557319091,Purified,2025-08-03,1,115.0
station_owner_1748557319091,Purified,2025-08-11,1,545.0
station_owner_1748557319091,Purified,2025-08-23,1,145.0
station_owner_1748557319091,Purified,2025-08-29,1,585.0
station_owner_1748557319091,Purified,2025-09-19,1,85.0
station_owner_1748557319091,Purified,2025-09-20,1,625.0
station_owner_1748557319091,Purified,2025-09-21,1,85.0
station_owner_1748557319091,Purified,2025-09-22,1,85.0
station_owner_1748557319091,Purified,2025-09-23,1,85.0
station_owner_1748557319091,Purified,2025-09-27,1,145.0
station_owner_1748557700556,Distilled,2025-07-30,1,125.0
station_owner_1748557700556,Distilled,2025-08-06,1,465.0
station_owner_1748557700556,Distilled,2025-08-11,1,85.0
station_owner_1748557700556,Distilled,2025-08-15,1,125.0
station_owner_1748557700556,Distilled,2025-08-16,1,275.0
station_owner_1748557700556,Distilled,2025-08-19,1,85.0
station_owner_1748557700556,Distilled,2025-08-26,1,505.0
station_owner_1748557700556,Distilled,2025-09-03,2,740.0
station_owner_1748557700556,Distilled,2025-09-06,2,670.0
station_owner_1748557700556,Distilled,2025-09-17,1,165.0
station_owner_1748557700556,Distilled,2025-09-24,1,85.0
station_owner_1748557700556,Distilled,2025-09-25,1,465.0
station_owner_1748557828947,Distilled,2025-09-02,1,135.0
station_owner_1748557828947,Distilled,2025-09-12,1,65.0
station_owner_1748557828947,Distilled,2025-09-16,1,400.0
station_owner_1748557918657,Alkaline,2025-08-02,2,270.0
station_owner_1748557918657,Alkaline,2025-08-22,1,175.0
station_owner_1748557918657,Alkaline,2025-09-03,1,95.0
station_owner_1748557918657,Alkaline,2025-09-08,1,675.0
station_owner_1748557918657,Alkaline,2025-09-23,1,505.0
station_owner_1748558005190,Distilled,2025-08-08,1,65.0
station_owner_1748558005190,Distilled,2025-08-10,1,95.0
station_owner_1748558005190,Distilled,2025-08-15,1,65.0
station_owner_1748558005190,Distilled,2025-08-20,1,125.0
station_owner_1748558005190,Distilled,2025-08-22,1,635.0
station_owner_1748558005190,Distilled,2025-08-24,1,65.0
station_owner_1748558005190,Distilled,2025-09-07,2,190.0
station_owner_1748558005190,Distilled,2025-09-09,1,635.0
station_owner_1748558005190,Distilled,2025-09-13,1,65.0
station_owner_1748558005190,Distilled,2025-09-16,2,250.0
station_owner_1748558182146,Mineral,2025-07-31,1,510.0
station_owner_1748558182146,Mineral,2025-08-03,1,170.0
station_owner_1748558182146,Mineral,2025-08-07,1,90.0
station_owner_1748558182146,Mineral,2025-08-11,1,510.0
station_owner_1748558182146,Mineral,2025-08-18,1,170.0
station_owner_1748558182146,Mineral,2025-08-24,2,300.0
station_owner_1748558182146,Mineral,2025-09-07,1,170.0
station_owner_1748558182146,Mineral,2025-09-26,1,130.0
station_owner_1748558263315,Purified,2025-07-31,1,140.0
station_owner_1748558263315,Purified,2025-08-01,1,110.0
station_owner_1748558263315,Purified,2025-08-06,1,110.0
station_owner_1748558263315,Purified,2025-08-14,1,80.0
station_owner_1748558263315,Purified,2025-08-24,2,190.0
station_owner_1748558263315,Purified,2025-08-27,2,220.0
station_owner_1748558263315,Purified,2025-09-08,1,140.0
station_owner_1748558263315,Purified,2025-09-09,1,140.0
station_owner_1748558263315,Purified,2025-09-10,1,140.0
station_owner_1748558263315,Purified,2025-09-17,1,110.0
station_owner_1748558263315,Purified,2025-09-21,1,80.0
station_owner_1748558263315,Purified,2025-09-26,1,330.0
station_owner_1748558385461,Distilled,2025-08-21,1,115.0
station_owner_1748558385461,Distilled,2025-08-26,1,150.0
station_owner_1748558385461,Distilled,2025-08-31,1,115.0
station_owner_1748558385461,Distilled,2025-09-03,1,80.0
station_owner_1748558385461,Distilled,2025-09-05,2,230.0
station_owner_1748558385461,Distilled,2025-09-13,1,150.0
station_owner_1748558385461,Distilled,2025-09-16,1,475.0
station_owner_1748558385461,Distilled,2025-09-25,1,115.0
station_owner_1748558385461,Distilled,2025-09-26,1,80.0
station_owner_1748558830335,Mineral,2025-07-31,1,120.0
station_owner_1748558830335,Mineral,2025-08-01,1,90.0
station_owner_1748558830335,Mineral,2025-08-08,2,210.0
station_owner_1748558830335,Mineral,2025-08-10,1,540.0
station_owner_1748558830335,Mineral,2025-08-11,4,810.0
station_owner_1748558830335,Mineral,2025-08-14,1,120.0
station_owner_1748558830335,Mineral,2025-08-25,1,90.0
station_owner_1748558830335,Mineral,2025-08-26,2,210.0
station_owner_1748558830335,Mineral,2025-08-28,1,120.0
station_owner_1748558830335,Mineral,2025-09-01,3,270.0
station_owner_1748558830335,Mineral,2025-09-02,1,90.0
station_owner_1748558830335,Mineral,2025-09-06,1,90.0
station_owner_1748558830335,Mineral,2025-09-09,1,60.0
station_owner_1748558830335,Mineral,2025-09-12,1,60.0
station_owner_1748558830335,Mineral,2025-09-13,1,90.0
station_owner_1748558830335,Mineral,2025-09-14,2,900.0
station_owner_1748558830335,Mineral,2025-09-18,1,60.0
station_owner_1748558830335,Mineral,2025-09-20,1,120.0
station_owner_1748558830335,Mineral,2025-09-22,2,1070.0
station_owner_1748558830335,Mineral,2025-09-25,2,180.0
station_owner_1748558830335,Mineral,2025-09-26,1,60.0
station_owner_1748558830335,Mineral,2025-09-27,2,560.0
station_owner_1748572003864,Distilled,2025-08-01,1,40.0
station_owner_1748572003864,Distilled,2025-08-07,2,80.0
station_owner_1748572003864,Distilled,2025-08-11,1,75.0
station_owner_1748572003864,Distilled,2025-08-15,2,110.0
station_owner_1748572003864,Distilled,2025-08-16,1,110.0
station_owner_1748572003864,Distilled,2025-08-17,1,40.0
station_owner_1748572003864,Distilled,2025-08-19,1,110.0
station_owner_1748572003864,Distilled,2025-08-24,1,135.0
station_owner_1748572003864,Distilled,2025-08-26,1,75.0
station_owner_1748572003864,Distilled,2025-08-28,1,40.0
station_owner_1748572003864,Distilled,2025-08-30,1,110.0
station_owner_1748572003864,Distilled,2025-08-31,1,110.0
station_owner_1748572003864,Distilled,2025-09-02,1,110.0
station_owner_1748572003864,Distilled,2025-09-04,3,220.0
station_owner_1748572003864,Distilled,2025-09-05,2,305.0
station_owner_1748572003864,Distilled,2025-09-14,3,190.0
station_owner_1748572003864,Distilled,2025-09-16,1,75.0
station_owner_1748572003864,Distilled,2025-09-17,2,150.0
station_owner_1748572003864,Distilled,2025-09-18,1,135.0
station_owner_1748572003864,Distilled,2025-09-20,1,40.0
station_owner_1748572003864,Distilled,2025-09-23,2,185.0
station_owner_1748572003864,Distilled,2025-09-24,2,280.0
station_owner_1748572003864,Distilled,2025-09-27,1,35.0
station_owner_1754639271287,Alkaline,2025-08-04,1,75.0
station_owner_1754639271287,Alkaline,2025-08-08,2,100.0
station_owner_1754639271287,Alkaline,2025-08-11,1,75.0
station_owner_1754639271287,Alkaline,2025-08-24,1,50.0
station_owner_1754639271287,Alkaline,2025-09-04,1,50.0
station_owner_1754639271287,Alkaline,2025-09-06,1,100.0
station_owner_1754639271287,Alkaline,2025-09-13,1,50.0
station_owner_1754639271287,Alkaline,2025-09-18,1,100.0
station_owner_1754639271287,Alkaline,2025-09-19,1,75.0
station_owner_1754639271287,Alkaline,2025-09-20,1,50.0
station_owner_1755325731017,Alkaline,2025-08-02,1,145.0
station_owner_1755325731017,Alkaline,2025-08-05,1,145.0
station_owner_1755325731017,Alkaline,2025-08-06,2,285.0
station_owner_1755325731017,Alkaline,2025-08-20,1,85.0
station_owner_1755325731017,Alkaline,2025-08-22,1,110.0
station_owner_1755325731017,Alkaline,2025-08-23,1,145.0
station_owner_1755325731017,Alkaline,2025-08-30,1,145.0
station_owner_1755325731017,Alkaline,2025-09-08,1,85.0
station_owner_1755325731017,Alkaline,2025-09-12,1,85.0
station_owner_1755325731017,Alkaline,2025-09-13,1,115.0
station_owner_1755325731017,Alkaline,2025-09-14,1,115.0
station_owner_1755325731017,Alkaline,2025-09-25,1,115.0
station_owner_1755325731017,Alkaline,2025-09-26,1,115.0
station_owner_1755325731017,Alkaline,2025-09-28,1,115.0
station_owner_1755327204950,Alkaline,2025-08-01,1,160.0
station_owner_1755327204950,Alkaline,2025-08-04,2,285.0
station_owner_1755327204950,Alkaline,2025-08-08,1,90.0
station_owner_1755327204950,Alkaline,2025-08-09,1,90.0
station_owner_1755327204950,Alkaline,2025-08-12,1,410.0
station_owner_1755327204950,Alkaline,2025-08-21,1,125.0
station_owner_1755327204950,Alkaline,2025-08-23,1,125.0
station_owner_1755327204950,Alkaline,2025-09-02,1,160.0
station_owner_1755327204950,Alkaline,2025-09-05,1,90.0
station_owner_1755327204950,Alkaline,2025-09-08,1,125.0
station_owner_1755327204950,Alkaline,2025-09-16,1,125.0
station_owner_1755327204950,Alkaline,2025-09-25,1,125.0
station_owner_1756049559659,Alkaline,2025-07-31,1,120.0
station_owner_1756049559659,Alkaline,2025-08-02,2,540.0
station_owner_1756049559659,Alkaline,2025-08-06,1,395.0
station_owner_1756049559659,Alkaline,2025-08-09,1,120.0
station_owner_1756049559659,Alkaline,2025-08-16,1,155.0
station_owner_1756049559659,Alkaline,2025-08-21,1,565.0
station_owner_1756049559659,Alkaline,2025-08-24,1,120.0
station_owner_1756049559659,Alkaline,2025-08-27,1,155.0
station_owner_1756049559659,Alkaline,2025-08-28,1,120.0
station_owner_1756049559659,Alkaline,2025-08-29,1,155.0
station_owner_1756049559659,Alkaline,2025-09-03,1,120.0
station_owner_1756049559659,Alkaline,2025-09-14,1,155.0
station_owner_1756049559659,Alkaline,2025-09-21,1,85.0
station_owner_1756049559659,Alkaline,2025-09-24,1,120.0
station_owner_1756049559659,Alkaline,2025-09-26,1,85.0
station_owner_1756961681214,Distilled,2025-07-31,1,380.0
station_owner_1756961681214,Distilled,2025-08-01,1,150.0
station_owner_1756961681214,Distilled,2025-08-02,3,310.0
station_owner_1756961681214,Distilled,2025-08-09,1,80.0
station_owner_1756961681214,Distilled,2025-08-13,1,150.0
station_owner_1756961681214,Distilled,2025-08-14,1,80.0
station_owner_1756961681214,Distilled,2025-08-16,2,230.0
station_owner_1756961681214,Distilled,2025-08-18,1,150.0
station_owner_1756961681214,Distilled,2025-08-29,1,80.0
station_owner_1756961681214,Distilled,2025-09-07,1,115.0
station_owner_1756961681214,Distilled,2025-09-08,1,115.0
station_owner_1756961681214,Distilled,2025-09-13,1,80.0
station_owner_1756961681214,Distilled,2025-09-14,1,115.0
station_owner_1756961681214,Distilled,2025-09-20,1,150.0
station_owner_1756961681214,Distilled,2025-09-27,2,615.0
station_owner_1758122564200,Mineral,2025-08-04,1,120.0
station_owner_1758122564200,Mineral,2025-08-21,1,150.0
station_owner_1758122564200,Mineral,2025-09-15,1,90.0
station_owner_1758953060330,Distilled,2025-08-03,1,85.0
station_owner_1758953060330,Distilled,2025-08-18,1,85.0
station_owner_1758953060330,Distilled,2025-08-21,1,110.0
station_owner_1758953060330,Distilled,2025-08-25,2,170.0
station_owner_1758953060330,Distilled,2025-08-27,1,110.0
station_owner_1758953060330,Distilled,2025-09-01,1,425.0
station_owner_1758953060330,Distilled,2025-09-04,2,170.0
station_owner_1758953060330,Distilled,2025-09-07,1,110.0
station_owner_1758953060330,Distilled,2025-09-09,1,135.0
station_owner_1758953060330,Distilled,2025-09-14,1,85.0
station_owner_1758953060330,Distilled,2025-09-18,1,135.0
station_owner_1758953060330,Distilled,2025-09-20,1,85.0
station_owner_1758953060330,Distilled,2025-09-27,1,85.0
station_owner_1758953060351,Alkaline,2025-08-05,1,60.0
station_owner_1758953060351,Alkaline,2025-09-12,1,100.0
station_owner_1758953060351,Alkaline,2025-09-25,1,140.0
station_owner_1758953060352,Mineral,2025-08-02,1,95.0
station_owner_1758953060352,Mineral,2025-08-10,1,95.0
station_owner_1758953060352,Mineral,2025-08-21,1,555.0
station_owner_1758953060352,Mineral,2025-08-30,1,595.0
station_owner_1758953060352,Mineral,2025-08-31,1,175.0
station_owner_1758953060352,Mineral,2025-09-01,2,270.0
station_owner_1758953060352,Mineral,2025-09-02,1,135.0
station_owner_1758953060352,Mineral,2025-09-17,1,95.0
station_owner_1758953060352,Mineral,2025-09-25,1,175.0
station_owner_1758953060357,Alkaline,2025-08-06,1,120.0
station_owner_1758953060357,Alkaline,2025-08-08,1,120.0
station_owner_1758953060357,Alkaline,2025-08-09,1,120.0
station_owner_1758953060357,Alkaline,2025-08-12,1,80.0
station_owner_1758953060357,Alkaline,2025-08-18,1,120.0
station_owner_1758953060357,Alkaline,2025-08-20,1,120.0
station_owner_1758953060357,Alkaline,2025-08-22,2,240.0
station_owner_1758953060357,Alkaline,2025-08-25,1,160.0
station_owner_1758953060357,Alkaline,2025-08-26,1,120.0
station_owner_1758953060357,Alkaline,2025-08-29,1,860.0
station_owner_1758953060357,Alkaline,2025-08-31,1,80.0
station_owner_1758953060357,Alkaline,2025-09-14,1,80.0
station_owner_1758953060357,Alkaline,2025-09-17,1,80.0
station_owner_1758953060357,Alkaline,2025-09-27,2,460.0
station_owner_1758953060368,Alkaline,2025-08-01,1,125.0
station_owner_1758953060368,Alkaline,2025-08-05,1,90.0
station_owner_1758953060368,Alkaline,2025-08-12,1,605.0
station_owner_1758953060368,Alkaline,2025-08-22,1,625.0
station_owner_1758953060368,Alkaline,2025-09-03,1,90.0
station_owner_1758953060368,Alkaline,2025-09-04,1,55.0
station_owner_1758953060368,Alkaline,2025-09-18,1,125.0
station_owner_1758953060368,Alkaline,2025-09-19,2,145.0
station_owner_1758953060368,Alkaline,2025-09-23,1,90.0
station_owner_1758953060368,Alkaline,2025-09-25,1,90.0
station_owner_1758953060368,Alkaline,2025-09-27,1,555.0
station_owner_1758953060383,Purified,2025-08-04,1,55.0
station_owner_1758953060383,Purified,2025-08-07,1,515.0
station_owner_1758953060383,Purified,2025-08-10,1,515.0
station_owner_1758953060383,Purified,2025-08-11,1,55.0
station_owner_1758953060383,Purified,2025-08-14,1,55.0
station_owner_1758953060383,Purified,2025-08-22,1,105.0
station_owner_1758953060383,Purified,2025-08-27,1,55.0
station_owner_1758953060383,Purified,2025-08-30,1,105.0
station_owner_1758953060383,Purified,2025-08-31,1,55.0
station_owner_1758953060383,Purified,2025-09-09,1,105.0
station_owner_1758953060383,Purified,2025-09-20,1,55.0
station_owner_1758953060383,Purified,2025-09-24,1,105.0
station_owner_1758953060390,Alkaline,2025-07-31,1,85.0
station_owner_1758953060390,Alkaline,2025-08-10,1,60.0
station_owner_1758953060390,Alkaline,2025-08-21,1,110.0
station_owner_1758953060390,Alkaline,2025-08-22,1,85.0
station_owner_1758953060390,Alkaline,2025-08-25,1,110.0
station_owner_1758953060403,Alkaline,2025-07-31,1,85.0
station_owner_1758953060403,Alkaline,2025-08-03,1,265.0
station_owner_1758953060403,Alkaline,2025-08-04,1,145.0
station_owner_1758953060403,Alkaline,2025-08-07,2,230.0
station_owner_1758953060403,Alkaline,2025-08-09,1,115.0
station_owner_1758953060403,Alkaline,2025-08-16,1,85.0
station_owner_1758953060403,Alkaline,2025-08-17,1,145.0
station_owner_1758953060403,Alkaline,2025-08-23,2,500.0
station_owner_1758953060403,Alkaline,2025-08-24,1,145.0
station_owner_1758953060403,Alkaline,2025-08-25,1,445.0
station_owner_1758953060403,Alkaline,2025-08-29,1,115.0
station_owner_1758953060403,Alkaline,2025-09-01,1,685.0
station_owner_1758953060403,Alkaline,2025-09-03,1,145.0
station_owner_1758953060403,Alkaline,2025-09-04,1,85.0
station_owner_1758953060403,Alkaline,2025-09-07,2,230.0
station_owner_1758953060403,Alkaline,2025-09-13,1,235.0
station_owner_1758953060403,Alkaline,2025-09-19,1,145.0
station_owner_1758953060403,Alkaline,2025-09-22,1,385.0
station_owner_1758953060403,Alkaline,2025-09-26,1,145.0
station_owner_1758953060405,Mineral,2025-08-01,1,110.0
station_owner_1758953060405,Mineral,2025-08-11,1,110.0
station_owner_1758953060405,Mineral,2025-08-14,1,50.0
station_owner_1758953060405,Mineral,2025-08-21,1,80.0
station_owner_1758953060405,Mineral,2025-08-26,1,50.0
station_owner_1758953060405,Mineral,2025-08-29,1,520.0
station_owner_1758953060405,Mineral,2025-08-30,2,600.0
station_owner_1758953060405,Mineral,2025-09-02,1,50.0
station_owner_1758953060405,Mineral,2025-09-08,1,80.0
station_owner_1758953060405,Mineral,2025-09-12,1,80.0
station_owner_1758953060405,Mineral,2025-09-21,2,760.0
station_owner_1758953060405,Mineral,2025-09-22,1,80.0
station_owner_1758953060405,Mineral,2025-09-24,2,100.0
station_owner_1758953060405,Mineral,2025-09-26,1,550.0
station_owner_1758953060407,Distilled,2025-07-31,1,90.0
station_owner_1758953060407,Distilled,2025-08-10,1,710.0
station_owner_1758953060407,Distilled,2025-08-12,1,125.0
station_owner_1758953060407,Distilled,2025-08-13,1,125.0
station_owner_1758953060407,Distilled,2025-08-18,1,90.0
station_owner_1758953060407,Distilled,2025-08-21,1,125.0
station_owner_1758953060407,Distilled,2025-08-23,1,160.0
station_owner_1758953060407,Distilled,2025-08-27,1,160.0
station_owner_1758953060407,Distilled,2025-08-31,1,125.0
station_owner_1758953060407,Distilled,2025-09-04,1,160.0
station_owner_1758953060407,Distilled,2025-09-05,2,215.0
station_owner_1758953060407,Distilled,2025-09-06,1,90.0
station_owner_1758953060407,Distilled,2025-09-07,1,780.0
station_owner_1758953060407,Distilled,2025-09-10,2,180.0
station_owner_1758953060407,Distilled,2025-09-12,1,90.0
station_owner_1758953060407,Distilled,2025-09-19,1,125.0
station_owner_1758953060407,Distilled,2025-09-21,1,125.0
station_owner_1758953060407,Distilled,2025-09-22,1,640.0
station_owner_1758953060407,Distilled,2025-09-25,1,90.0
station_owner_1758953060408,Purified,2025-08-05,1,60.0
station_owner_1758953060408,Purified,2025-08-08,1,60.0
station_owner_1758953060408,Purified,2025-08-12,1,140.0
station_owner_1758953060408,Purified,2025-08-16,1,140.0
station_owner_1758953060408,Purified,2025-08-22,1,100.0
station_owner_1758953060408,Purified,2025-09-02,1,140.0
station_owner_1758953060415,Alkaline,2025-08-02,1,140.0
station_owner_1758953060415,Alkaline,2025-08-06,1,70.0
station_owner_1758953060415,Alkaline,2025-08-08,2,280.0
station_owner_1758953060415,Alkaline,2025-08-10,1,105.0
station_owner_1758953060415,Alkaline,2025-08-13,1,70.0
station_owner_1758953060415,Alkaline,2025-08-18,1,70.0
station_owner_1758953060415,Alkaline,2025-08-21,1,70.0
station_owner_1758953060415,Alkaline,2025-08-24,1,105.0
station_owner_1758953060415,Alkaline,2025-08-27,2,245.0
station_owner_1758953060415,Alkaline,2025-08-28,1,70.0
station_owner_1758953060415,Alkaline,2025-08-29,1,105.0
station_owner_1758953060415,Alkaline,2025-09-03,1,70.0
station_owner_1758953060415,Alkaline,2025-09-06,1,105.0
station_owner_1758953060415,Alkaline,2025-09-11,2,820.0
station_owner_1758953060415,Alkaline,2025-09-13,4,660.0
station_owner_1758953060415,Alkaline,2025-09-14,1,105.0
station_owner_1758953060415,Alkaline,2025-09-21,1,140.0
station_owner_1758953060415,Alkaline,2025-09-22,2,655.0
station_owner_1758953060415,Alkaline,2025-09-23,1,70.0
station_owner_1758953060415,Alkaline,2025-09-25,1,680.0
station_owner_1758953060415,Alkaline,2025-09-26,4,455.0
station_owner_1758953060415,Alkaline,2025-09-27,1,140.0
station_owner_1758953060415,Alkaline,2025-09-28,1,645.0
station_owner_1758953060416,Mineral,2025-08-02,1,105.0
station_owner_1758953060416,Mineral,2025-08-10,3,355.0
station_owner_1758953060416,Mineral,2025-08-15,1,65.0
station_owner_1758953060416,Mineral,2025-08-18,1,65.0
station_owner_1758953060416,Mineral,2025-08-22,1,465.0
station_owner_1758953060416,Mineral,2025-08-23,2,250.0
station_owner_1758953060416,Mineral,2025-08-24,1,105.0
station_owner_1758953060416,Mineral,2025-08-26,1,145.0
station_owner_1758953060416,Mineral,2025-08-28,1,65.0
station_owner_1758953060416,Mineral,2025-08-30,1,105.0
station_owner_1758953060416,Mineral,2025-09-08,1,65.0
station_owner_1758953060416,Mineral,2025-09-16,1,145.0
station_owner_1758953060416,Mineral,2025-09-18,1,65.0
station_owner_1758953060421,Alkaline,2025-08-04,1,275.0
station_owner_1758953060421,Alkaline,2025-08-12,1,105.0
station_owner_1758953060421,Alkaline,2025-08-16,1,140.0
station_owner_1758953060421,Alkaline,2025-09-02,1,105.0
station_owner_1758953060421,Alkaline,2025-09-07,1,105.0
station_owner_1758953060421,Alkaline,2025-09-14,1,70.0
station_owner_1758953060421,Alkaline,2025-09-19,1,300.0
station_owner_1758953060421,Alkaline,2025-09-21,1,140.0
station_owner_1758953060421,Alkaline,2025-09-24,1,105.0
station_owner_1758953060421,Alkaline,2025-09-27,1,70.0
station_owner_1758953060421,Alkaline,2025-09-28,1,140.0
station_owner_1758953060424,Distilled,2025-08-07,1,115.0
station_owner_1758953060424,Distilled,2025-08-18,1,150.0
station_owner_1758953060424,Distilled,2025-09-03,1,80.0
station_owner_1758953060424,Distilled,2025-09-08,1,700.0
station_owner_1758953060424,Distilled,2025-09-15,1,700.0
station_owner_1758953060435,Alkaline,2025-08-01,1,80.0
station_owner_1758953060435,Alkaline,2025-08-06,1,110.0
station_owner_1758953060435,Alkaline,2025-08-08,1,50.0
station_owner_1758953060435,Alkaline,2025-08-12,2,550.0
station_owner_1758953060435,Alkaline,2025-08-20,1,80.0
station_owner_1758953060435,Alkaline,2025-08-21,1,50.0
station_owner_1758953060435,Alkaline,2025-08-26,2,610.0
station_owner_1758953060435,Alkaline,2025-08-30,1,260.0
station_owner_1758953060435,Alkaline,2025-08-31,3,210.0
station_owner_1758953060435,Alkaline,2025-09-02,1,590.0
station_owner_1758953060435,Alkaline,2025-09-05,1,290.0
station_owner_1758953060435,Alkaline,2025-09-06,1,110.0
station_owner_1758953060435,Alkaline,2025-09-08,1,50.0
station_owner_1758953060435,Alkaline,2025-09-10,2,130.0
station_owner_1758953060435,Alkaline,2025-09-11,1,110.0
station_owner_1758953060435,Alkaline,2025-09-15,1,50.0
station_owner_1758953060435,Alkaline,2025-09-16,3,510.0
station_owner_1758953060435,Alkaline,2025-09-19,2,190.0
station_owner_1758953060435,Alkaline,2025-09-20,1,50.0
station_owner_1758953060435,Alkaline,2025-09-21,1,80.0
station_owner_1758953060435,Alkaline,2025-09-22,2,130.0
station_owner_1758953060435,Alkaline,2025-09-23,1,80.0
station_owner_1758953060440,Distilled,2025-08-04,1,130.0
station_owner_1758953060440,Distilled,2025-08-19,1,130.0
station_owner_1758953060440,Distilled,2025-08-20,1,105.0
station_owner_1758953060440,Distilled,2025-08-28,1,580.0
station_owner_1758953060440,Distilled,2025-09-06,1,345.0
station_owner_1758953060440,Distilled,2025-09-11,1,80.0
station_owner_1758953060440,Distilled,2025-09-12,1,130.0
station_owner_1758953060440,Distilled,2025-09-19,2,185.0
station_owner_1758953060440,Distilled,2025-09-23,1,105.0
station_owner_1758953060440,Distilled,2025-09-28,1,130.0
station_owner_1758953060446,Distilled,2025-08-04,1,110.0
station_owner_1758953060446,Distilled,2025-08-09,1,80.0
station_owner_1758953060446,Distilled,2025-08-18,1,110.0
station_owner_1758953060446,Distilled,2025-08-24,1,110.0
station_owner_1758953060446,Distilled,2025-08-30,1,140.0
station_owner_1758953060446,Distilled,2025-08-31,1,80.0
station_owner_1758953060446,Distilled,2025-09-01,1,140.0
station_owner_1758953060446,Distilled,2025-09-06,1,110.0
station_owner_1758953060446,Distilled,2025-09-08,1,140.0
station_owner_1758953060446,Distilled,2025-09-18,1,80.0
station_owner_1758953060446,Distilled,2025-09-23,1,80.0
station_owner_1758953060458,Alkaline,2025-07-31,1,155.0
station_owner_1758953060458,Alkaline,2025-08-07,1,155.0
station_owner_1758953060458,Alkaline,2025-08-11,1,155.0
station_owner_1758953060458,Alkaline,2025-08-14,2,275.0
station_owner_1758953060458,Alkaline,2025-08-15,2,205.0
station_owner_1758953060458,Alkaline,2025-08-20,1,120.0
station_owner_1758953060458,Alkaline,2025-08-26,1,155.0
station_owner_1758953060458,Alkaline,2025-08-27,1,580.0
station_owner_1758953060458,Alkaline,2025-09-01,1,580.0
station_owner_1758953060458,Alkaline,2025-09-05,1,615.0
station_owner_1758953060458,Alkaline,2025-09-06,2,240.0
station_owner_1758953060458,Alkaline,2025-09-09,2,170.0
station_owner_1758953060458,Alkaline,2025-09-11,1,155.0
station_owner_1758953060458,Alkaline,2025-09-12,2,310.0
station_owner_1758953060458,Alkaline,2025-09-13,1,85.0
station_owner_1758953060458,Alkaline,2025-09-18,1,85.0
station_owner_1758953060458,Alkaline,2025-09-19,2,310.0
station_owner_1758953060458,Alkaline,2025-09-22,1,120.0
station_owner_1758953060458,Alkaline,2025-09-24,1,120.0
station_owner_1758953060458,Alkaline,2025-09-26,1,155.0
station_owner_1758953060471,Alkaline,2025-08-03,1,470.0
station_owner_1758953060471,Alkaline,2025-08-18,1,120.0
station_owner_1758953060471,Alkaline,2025-09-05,1,95.0
station_owner_1758953060471,Alkaline,2025-09-24,1,95.0
station_owner_1758953060472,Purified,2025-08-07,1,115.0
station_owner_1758953060472,Purified,2025-08-09,2,1120.0
station_owner_1758953060472,Purified,2025-08-14,1,85.0
station_owner_1758953060472,Purified,2025-08-16,1,145.0
station_owner_1758953060472,Purified,2025-08-17,1,145.0
station_owner_1758953060472,Purified,2025-08-21,1,495.0
station_owner_1758953060472,Purified,2025-09-19,1,665.0
station_owner_1758953060472,Purified,2025-09-22,1,85.0
station_owner_1758953060472,Purified,2025-09-24,1,85.0
station_owner_1758953060472,Purified,2025-09-27,1,115.0
station_owner_1758953060479,Purified,2025-08-12,1,145.0
station_owner_1758953060479,Purified,2025-08-18,1,105.0
station_owner_1758953060479,Purified,2025-08-26,1,65.0
station_owner_1758953060479,Purified,2025-08-31,1,65.0
station_owner_1758953060479,Purified,2025-09-06,1,145.0
station_owner_1758953060479,Purified,2025-09-11,1,145.0
station_owner_1758953060479,Purified,2025-09-12,1,65.0
station_owner_1758953060479,Purified,2025-09-15,1,145.0
station_owner_1758953060479,Purified,2025-09-16,1,65.0
station_owner_1758953060479,Purified,2025-09-20,1,145.0
station_owner_1758953060479,Purified,2025-09-21,1,65.0
station_owner_1758953060479,Purified,2025-09-25,2,250.0
station_owner_1758953060479,Purified,2025-09-26,1,105.0
station_owner_1758953060481,Purified,2025-08-03,1,80.0
station_owner_1758953060481,Purified,2025-08-12,1,105.0
station_owner_1758953060481,Purified,2025-08-23,1,105.0
station_owner_1758953060481,Purified,2025-08-25,1,105.0
station_owner_1758953060481,Purified,2025-09-05,1,105.0
station_owner_1758953060481,Purified,2025-09-07,2,160.0
station_owner_1758953060481,Purified,2025-09-16,1,80.0
station_owner_1758953060481,Purified,2025-09-17,1,540.0
station_owner_1758953060481,Purified,2025-09-21,1,540.0
station_owner_1758953060481,Purified,2025-09-26,1,335.0
station_owner_1758953060481,Purified,2025-09-27,1,55.0
station_owner_1758953060481,Purified,2025-09-28,1,55.0
station_owner_1758953060484,Purified,2025-07-31,1,110.0
station_owner_1758953060484,Purified,2025-08-02,1,145.0
station_owner_1758953060484,Purified,2025-08-06,1,145.0
station_owner_1758953060484,Purified,2025-08-07,1,110.0
station_owner_1758953060484,Purified,2025-08-08,1,110.0
station_owner_1758953060484,Purified,2025-08-11,1,145.0
station_owner_1758953060484,Purified,2025-08-15,1,350.0
station_owner_1758953060484,Purified,2025-08-16,1,145.0
station_owner_1758953060484,Purified,2025-08-19,1,145.0
station_owner_1758953060484,Purified,2025-08-22,1,75.0
station_owner_1758953060484,Purified,2025-09-06,1,75.0
station_owner_1758953060484,Purified,2025-09-09,1,110.0
station_owner_1758953060484,Purified,2025-09-13,3,330.0
station_owner_1758953060484,Purified,2025-09-14,1,110.0
station_owner_1758953060484,Purified,2025-09-18,1,75.0
station_owner_1758953060484,Purified,2025-09-19,1,145.0
station_owner_1758953060484,Purified,2025-09-20,1,110.0
station_owner_1758953060484,Purified,2025-09-23,1,110.0
station_owner_1758953060484,Purified,2025-09-28,1,145.0
station_owner_1758953060487,Distilled,2025-07-31,1,115.0
station_owner_1758953060487,Distilled,2025-08-13,1,90.0
station_owner_1758953060487,Distilled,2025-08-16,1,565.0
station_owner_1758953060487,Distilled,2025-08-19,1,615.0
station_owner_1758953060487,Distilled,2025-08-24,1,590.0
station_owner_1758953060487,Distilled,2025-08-27,1,550.0
station_owner_1758953060487,Distilled,2025-09-04,1,590.0
station_owner_1758953060487,Distilled,2025-09-19,1,90.0
station_owner_1758953060492,Purified,2025-07-31,1,90.0
station_owner_1758953060492,Purified,2025-08-01,1,635.0
station_owner_1758953060492,Purified,2025-08-02,1,90.0
station_owner_1758953060492,Purified,2025-08-25,1,55.0
station_owner_1758953060492,Purified,2025-09-03,1,90.0
station_owner_1758953060493,Distilled,2025-09-18,1,140.0
station_owner_1758953060505,Distilled,2025-07-31,1,120.0
station_owner_1758953060505,Distilled,2025-08-01,1,70.0
station_owner_1758953060505,Distilled,2025-08-03,1,120.0
station_owner_1758953060505,Distilled,2025-08-05,1,70.0
station_owner_1758953060505,Distilled,2025-08-09,1,360.0
station_owner_1758953060505,Distilled,2025-08-10,1,600.0
station_owner_1758953060505,Distilled,2025-08-16,1,70.0
station_owner_1758953060505,Distilled,2025-08-19,1,70.0
station_owner_1758953060505,Distilled,2025-08-24,1,95.0
station_owner_1758953060505,Distilled,2025-08-27,1,335.0
station_owner_1758953060505,Distilled,2025-08-29,1,70.0
station_owner_1758953060505,Distilled,2025-09-04,1,120.0
station_owner_1758953060505,Distilled,2025-09-12,1,120.0
station_owner_1758953060505,Distilled,2025-09-15,1,120.0
station_owner_1758953060505,Distilled,2025-09-16,1,70.0
station_owner_1758953060505,Distilled,2025-09-20,1,95.0
station_owner_1758953060505,Distilled,2025-09-23,2,190.0
station_owner_1758953060505,Distilled,2025-09-24,1,95.0
station_owner_1758953060505,Distilled,2025-09-27,1,70.0
station_owner_1758953060511,Mineral,2025-08-04,1,90.0
station_owner_1758953060511,Mineral,2025-08-07,1,550.0
station_owner_1758953060511,Mineral,2025-08-30,1,90.0
station_owner_1758953060511,Mineral,2025-09-06,1,90.0
station_owner_1758953060511,Mineral,2025-09-08,1,450.0
station_owner_1758953060511,Mineral,2025-09-20,1,490.0
station_owner_1758953060511,Mineral,2025-09-21,1,130.0
station_owner_1758953060525,Mineral,2025-07-31,1,75.0
station_owner_1758953060525,Mineral,2025-08-07,1,645.0
station_owner_1758953060525,Mineral,2025-08-20,1,105.0
station_owner_1758953060525,Mineral,2025-08-22,1,495.0
station_owner_1758953060525,Mineral,2025-08-25,1,105.0
station_owner_1758953060525,Mineral,2025-08-28,1,75.0
station_owner_1758953060525,Mineral,2025-08-31,1,135.0
station_owner_1758953060525,Mineral,2025-09-08,3,345.0
station_owner_1758953060525,Mineral,2025-09-13,3,795.0
station_owner_1758953060525,Mineral,2025-09-14,1,375.0
station_owner_1758953060525,Mineral,2025-09-21,1,135.0
station_owner_1758953060525,Mineral,2025-09-26,1,105.0
station_owner_1758953060525,Mineral,2025-09-27,1,285.0
station_owner_1758953060536,Mineral,2025-07-31,1,75.0
station_owner_1758953060536,Mineral,2025-08-09,1,75.0
station_owner_1758953060536,Mineral,2025-08-11,1,100.0
station_owner_1758953060536,Mineral,2025-09-08,1,100.0
station_owner_1758953060536,Mineral,2025-09-13,1,125.0
station_owner_1758953060536,Mineral,2025-09-19,1,100.0
station_owner_1758953060536,Mineral,2025-09-27,1,100.0
station_owner_1758953060540,Mineral,2025-08-07,1,655.0
station_owner_1758953060540,Mineral,2025-08-08,1,145.0
station_owner_1758953060540,Mineral,2025-08-17,1,145.0
station_owner_1758953060540,Mineral,2025-08-27,1,145.0
station_owner_1758953060540,Mineral,2025-08-31,1,565.0
station_owner_1758953060540,Mineral,2025-09-07,1,445.0
station_owner_1758953060540,Mineral,2025-09-09,1,145.0
station_owner_1758953060540,Mineral,2025-09-10,1,145.0
station_owner_1758953060540,Mineral,2025-09-11,2,130.0
station_owner_1758953060540,Mineral,2025-09-19,1,145.0
station_owner_1758953060540,Mineral,2025-09-22,1,145.0
station_owner_1758953060540,Mineral,2025-09-23,1,65.0
station_owner_1758953060552,Distilled,2025-08-01,1,80.0
station_owner_1758953060552,Distilled,2025-08-05,1,150.0
station_owner_1758953060552,Distilled,2025-08-08,1,600.0
station_owner_1758953060552,Distilled,2025-08-16,1,515.0
station_owner_1758953060552,Distilled,2025-08-20,1,80.0
station_owner_1758953060552,Distilled,2025-09-01,1,80.0
station_owner_1758953060552,Distilled,2025-09-11,1,80.0
station_owner_1758953060552,Distilled,2025-09-14,1,115.0
station_owner_1758953060552,Distilled,2025-09-18,1,115.0
station_owner_1758953060567,Alkaline,2025-07-31,1,125.0
station_owner_1758953060567,Alkaline,2025-08-06,1,125.0
station_owner_1758953060567,Alkaline,2025-09-08,1,90.0
station_owner_1758953060567,Alkaline,2025-09-17,1,90.0
station_owner_1758953060580,Purified,2025-08-04,2,250.0
station_owner_1758953060580,Purified,2025-08-06,1,725.0
station_owner_1758953060580,Purified,2025-08-07,1,385.0
station_owner_1758953060580,Purified,2025-08-12,1,125.0
station_owner_1758953060580,Purified,2025-08-14,1,125.0
station_owner_1758953060580,Purified,2025-08-17,1,165.0
station_owner_1758953060580,Purified,2025-08-20,1,165.0
station_owner_1758953060580,Purified,2025-08-28,1,125.0
station_owner_1758953060580,Purified,2025-09-11,1,125.0
station_owner_1758953060580,Purified,2025-09-25,1,125.0
station_owner_1758953060580,Purified,2025-09-26,1,235.0
station_owner_1758953060582,Alkaline,2025-08-01,1,110.0
station_owner_1758953060582,Alkaline,2025-08-04,1,110.0
station_owner_1758953060582,Alkaline,2025-08-08,1,80.0
station_owner_1758953060582,Alkaline,2025-08-14,1,110.0
station_owner_1758953060582,Alkaline,2025-08-17,1,80.0
station_owner_1758953060582,Alkaline,2025-08-26,1,80.0
station_owner_1758953060582,Alkaline,2025-08-30,1,140.0
station_owner_1758953060582,Alkaline,2025-09-06,1,80.0
station_owner_1758953060582,Alkaline,2025-09-09,1,140.0
station_owner_1758953060582,Alkaline,2025-09-17,1,140.0
station_owner_1758953060582,Alkaline,2025-09-24,1,510.0
station_owner_1758953060582,Alkaline,2025-09-27,1,140.0
station_owner_1758953060583,Mineral,2025-07-31,1,110.0
station_owner_1758953060583,Mineral,2025-08-01,2,380.0
station_owner_1758953060583,Mineral,2025-08-02,1,75.0
station_owner_1758953060583,Mineral,2025-08-03,1,110.0
station_owner_1758953060583,Mineral,2025-08-22,1,305.0
station_owner_1758953060583,Mineral,2025-08-29,1,145.0
station_owner_1758953060583,Mineral,2025-08-30,1,110.0
station_owner_1758953060583,Mineral,2025-09-04,1,75.0
station_owner_1758953060583,Mineral,2025-09-09,1,395.0
station_owner_1758953060583,Mineral,2025-09-12,1,110.0
station_owner_1758953060583,Mineral,2025-09-19,1,145.0
station_owner_1758953060583,Mineral,2025-09-26,1,460.0
station_owner_1758953060586,Distilled,2025-07-30,2,130.0
station_owner_1758953060586,Distilled,2025-08-05,1,80.0
station_owner_1758953060586,Distilled,2025-08-12,1,80.0
station_owner_1758953060586,Distilled,2025-08-13,1,50.0
station_owner_1758953060586,Distilled,2025-08-18,1,80.0
station_owner_1758953060586,Distilled,2025-08-20,2,220.0
station_owner_1758953060586,Distilled,2025-08-22,1,50.0
station_owner_1758953060586,Distilled,2025-08-26,1,80.0
station_owner_1758953060586,Distilled,2025-08-28,1,80.0
station_owner_1758953060586,Distilled,2025-09-05,2,160.0
station_owner_1758953060586,Distilled,2025-09-09,1,110.0
station_owner_1758953060586,Distilled,2025-09-13,1,50.0
station_owner_1758953060586,Distilled,2025-09-16,1,630.0
station_owner_1758953060586,Distilled,2025-09-17,1,80.0
station_owner_1758953060586,Distilled,2025-09-18,1,80.0
station_owner_1758953060586,Distilled,2025-09-25,1,110.0
station_owner_1758953060586,Distilled,2025-09-28,1,80.0
station_owner_1758953060593,Mineral,2025-08-13,1,80.0
station_owner_1758953060593,Mineral,2025-08-24,1,120.0
station_owner_1758953060593,Mineral,2025-08-26,1,120.0
station_owner_1758953060593,Mineral,2025-09-07,1,560.0
station_owner_1758953060593,Mineral,2025-09-11,1,160.0
station_owner_1758953060596,Purified,2025-07-31,1,605.0
station_owner_1758953060596,Purified,2025-08-03,1,125.0
station_owner_1758953060596,Purified,2025-08-18,2,450.0
station_owner_1758953060596,Purified,2025-08-20,1,65.0
station_owner_1758953060596,Purified,2025-09-02,1,95.0
station_owner_1758953060597,Distilled,2025-08-11,1,150.0
station_owner_1758953060597,Distilled,2025-08-12,2,300.0
station_owner_1758953060597,Distilled,2025-08-17,1,115.0
station_owner_1758953060597,Distilled,2025-08-26,1,115.0
station_owner_1758953060597,Distilled,2025-08-28,1,115.0
station_owner_1758953060597,Distilled,2025-08-31,1,80.0
station_owner_1758953060597,Distilled,2025-09-01,1,115.0
station_owner_1758953060597,Distilled,2025-09-05,1,150.0
station_owner_1758953060597,Distilled,2025-09-12,2,230.0
station_owner_1758953060597,Distilled,2025-09-15,1,115.0
station_owner_1758953060597,Distilled,2025-09-16,1,80.0
station_owner_1758953060606,Purified,2025-07-31,1,65.0
station_owner_1758953060606,Purified,2025-08-16,1,65.0
station_owner_1758953060606,Purified,2025-09-11,1,95.0
station_owner_1758953060606,Purified,2025-09-14,1,65.0
station_owner_1758953060606,Purified,2025-09-18,1,125.0
station_owner_1758953060606,Purified,2025-09-20,1,95.0
station_owner_1758953060606,Purified,2025-09-25,1,125.0
station_owner_1758953060608,Mineral,2025-08-03,1,145.0
station_owner_1758953060608,Mineral,2025-08-07,1,65.0
station_owner_1758953060608,Mineral,2025-08-08,1,105.0
station_owner_1758953060608,Mineral,2025-08-09,2,250.0
station_owner_1758953060608,Mineral,2025-08-11,1,105.0
station_owner_1758953060608,Mineral,2025-08-15,2,360.0
station_owner_1758953060608,Mineral,2025-08-19,2,360.0
station_owner_1758953060608,Mineral,2025-08-20,1,65.0
station_owner_1758953060608,Mineral,2025-08-22,1,145.0
station_owner_1758953060608,Mineral,2025-08-27,1,405.0
station_owner_1758953060608,Mineral,2025-09-08,2,130.0
station_owner_1758953060608,Mineral,2025-09-11,1,315.0
station_owner_1758953060608,Mineral,2025-09-12,1,145.0
station_owner_1758953060608,Mineral,2025-09-16,1,105.0
station_owner_1758953060608,Mineral,2025-09-20,1,365.0
station_owner_1758953060608,Mineral,2025-09-21,1,545.0
station_owner_1758953060608,Mineral,2025-09-24,1,105.0
station_owner_1758953060608,Mineral,2025-09-25,1,215.0
station_owner_1758953060608,Mineral,2025-09-26,1,215.0
station_owner_1758953060608,Mineral,2025-09-27,1,145.0
station_owner_1758953060610,Mineral,2025-08-08,1,80.0
station_owner_1758953060610,Mineral,2025-08-16,1,120.0
station_owner_1758953060610,Mineral,2025-08-22,1,120.0
station_owner_1758953060610,Mineral,2025-09-04,1,160.0
station_owner_1758953060610,Mineral,2025-09-10,1,80.0
station_owner_1758953060610,Mineral,2025-09-15,1,640.0
station_owner_1758953060610,Mineral,2025-09-24,1,160.0
station_owner_1758953060610,Mineral,2025-09-26,1,120.0
station_owner_1758953060610,Mineral,2025-09-27,1,120.0
station_owner_1758953060621,Alkaline,2025-08-04,1,145.0
station_owner_1758953060621,Alkaline,2025-08-05,1,145.0
station_owner_1758953060621,Alkaline,2025-08-08,1,110.0
station_owner_1758953060621,Alkaline,2025-08-10,1,110.0
station_owner_1758953060621,Alkaline,2025-08-11,1,145.0
station_owner_1758953060621,Alkaline,2025-08-12,1,75.0
station_owner_1758953060621,Alkaline,2025-08-14,1,110.0
station_owner_1758953060621,Alkaline,2025-08-23,1,75.0
station_owner_1758953060621,Alkaline,2025-08-28,1,145.0
station_owner_1758953060621,Alkaline,2025-08-31,1,145.0
station_owner_1758953060621,Alkaline,2025-09-17,1,145.0
station_owner_1758953060621,Alkaline,2025-09-19,1,110.0
station_owner_1758953060621,Alkaline,2025-09-23,1,110.0
station_owner_1758953060626,Distilled,2025-08-03,1,375.0
station_owner_1758953060626,Distilled,2025-08-21,1,110.0
station_owner_1758953060626,Distilled,2025-08-25,1,75.0
station_owner_1758953060626,Distilled,2025-09-01,1,145.0
station_owner_1758953060626,Distilled,2025-09-06,1,110.0
station_owner_1758953060626,Distilled,2025-09-14,1,75.0
station_owner_1758953060627,Alkaline,2025-08-16,1,140.0
station_owner_1758953060627,Alkaline,2025-08-21,1,140.0
station_owner_1758953060627,Alkaline,2025-08-23,1,140.0
station_owner_1758953060627,Alkaline,2025-09-03,1,60.0
station_owner_1758953060627,Alkaline,2025-09-22,1,140.0
station_owner_1758953060628,Alkaline,2025-08-08,1,65.0
station_owner_1758953060628,Alkaline,2025-08-10,2,490.0
station_owner_1758953060628,Alkaline,2025-08-15,1,65.0
station_owner_1758953060628,Alkaline,2025-08-19,1,65.0
station_owner_1758953060628,Alkaline,2025-08-24,1,90.0
station_owner_1758953060628,Alkaline,2025-09-08,1,65.0
station_owner_1758953060628,Alkaline,2025-09-09,1,65.0
station_owner_1758953060628,Alkaline,2025-09-24,1,90.0
station_owner_1758953060642,Purified,2025-08-03,1,150.0
station_owner_1758953060642,Purified,2025-08-04,1,680.0
station_owner_1758953060642,Purified,2025-08-06,1,300.0
station_owner_1758953060642,Purified,2025-08-07,1,120.0
station_owner_1758953060642,Purified,2025-08-15,1,330.0
station_owner_1758953060642,Purified,2025-08-27,1,150.0
station_owner_1758953060642,Purified,2025-09-11,1,330.0
station_owner_1758953060642,Purified,2025-09-18,1,120.0
station_owner_1758953060642,Purified,2025-09-25,1,330.0
station_owner_1758953060642,Purified,2025-09-27,1,120.0
station_owner_1758953060643,Purified,2025-08-05,1,145.0
station_owner_1758953060643,Purified,2025-08-09,1,340.0
station_owner_1758953060643,Purified,2025-08-26,1,110.0
station_owner_1758953060643,Purified,2025-09-02,1,145.0
station_owner_1758953060643,Purified,2025-09-24,1,145.0
station_owner_1758953060651,Distilled,2025-08-07,1,505.0
station_owner_1758953060651,Distilled,2025-08-19,1,75.0
station_owner_1758953060651,Distilled,2025-08-22,1,125.0
station_owner_1758953060651,Distilled,2025-09-04,1,415.0
station_owner_1758953060651,Distilled,2025-09-16,1,125.0
station_owner_1758953060651,Distilled,2025-09-19,1,100.0
station_owner_1758953060653,Distilled,2025-08-03,1,800.0
station_owner_1758953060653,Distilled,2025-08-06,1,300.0
station_owner_1758953060653,Distilled,2025-08-07,1,460.0
station_owner_1758953060653,Distilled,2025-08-26,2,690.0
station_owner_1758953060653,Distilled,2025-08-27,1,100.0
station_owner_1758953060653,Distilled,2025-08-28,1,140.0
station_owner_1758953060653,Distilled,2025-08-31,1,100.0
station_owner_1758953060653,Distilled,2025-09-06,1,100.0
station_owner_1758953060653,Distilled,2025-09-07,1,140.0
station_owner_1758953060653,Distilled,2025-09-16,1,500.0
station_owner_1758953060653,Distilled,2025-09-20,1,60.0
station_owner_1758953060653,Distilled,2025-09-21,1,140.0
station_owner_1758953060653,Distilled,2025-09-27,1,60.0
station_owner_1758953060660,Mineral,2025-08-29,1,80.0
station_owner_1758953060660,Mineral,2025-08-31,1,110.0
station_owner_1758953060660,Mineral,2025-09-07,1,80.0
station_owner_1758953060660,Mineral,2025-09-10,1,340.0
station_owner_1758953060660,Mineral,2025-09-15,1,140.0
station_owner_1758953060660,Mineral,2025-09-22,1,80.0
station_owner_1758953060669,Alkaline,2025-08-06,1,160.0
station_owner_1758953060669,Alkaline,2025-08-09,1,480.0
station_owner_1758953060669,Alkaline,2025-08-11,1,160.0
station_owner_1758953060669,Alkaline,2025-08-12,1,160.0
station_owner_1758953060669,Alkaline,2025-08-13,1,120.0
station_owner_1758953060669,Alkaline,2025-08-19,1,80.0
station_owner_1758953060669,Alkaline,2025-08-26,1,120.0
station_owner_1758953060669,Alkaline,2025-08-29,1,160.0
station_owner_1758953060669,Alkaline,2025-09-01,1,120.0
station_owner_1758953060669,Alkaline,2025-09-24,1,520.0
station_owner_1758953060669,Alkaline,2025-09-27,1,580.0
station_owner_1758953060675,Purified,2025-08-03,1,75.0
station_owner_1758953060675,Purified,2025-08-08,1,110.0
station_owner_1758953060675,Purified,2025-08-14,1,110.0
station_owner_1758953060675,Purified,2025-08-16,1,300.0
station_owner_1758953060675,Purified,2025-08-23,1,75.0
station_owner_1758953060675,Purified,2025-08-26,1,145.0
station_owner_1758953060675,Purified,2025-09-05,1,145.0
station_owner_1758953060675,Purified,2025-09-07,1,110.0
station_owner_1758953060675,Purified,2025-09-13,1,145.0
station_owner_1758953060675,Purified,2025-09-18,1,145.0
station_owner_1758953060675,Purified,2025-09-20,1,110.0
station_owner_1758953060675,Purified,2025-09-23,1,110.0
station_owner_1758953060675,Purified,2025-09-27,1,110.0
station_owner_1758953060697,Alkaline,2025-08-02,1,95.0
station_owner_1758953060697,Alkaline,2025-08-04,1,95.0
station_owner_1758953060697,Alkaline,2025-08-06,1,120.0
station_owner_1758953060697,Alkaline,2025-08-15,1,455.0
station_owner_1758953060697,Alkaline,2025-08-16,1,70.0
station_owner_1758953060697,Alkaline,2025-08-23,1,70.0
station_owner_1758953060697,Alkaline,2025-09-04,1,120.0
station_owner_1758953060697,Alkaline,2025-09-06,1,120.0
station_owner_1758953060697,Alkaline,2025-09-08,1,430.0
station_owner_1758953060697,Alkaline,2025-09-10,1,95.0
station_owner_1758953060697,Alkaline,2025-09-17,1,95.0
station_owner_1758953060699,Mineral,2025-07-30,1,50.0
station_owner_1758953060699,Mineral,2025-08-03,2,750.0
station_owner_1758953060699,Mineral,2025-08-04,1,50.0
station_owner_1758953060699,Mineral,2025-08-09,1,110.0
station_owner_1758953060699,Mineral,2025-08-14,1,80.0
station_owner_1758953060699,Mineral,2025-08-21,1,80.0
station_owner_1758953060699,Mineral,2025-08-26,1,380.0
station_owner_1758953060699,Mineral,2025-08-28,1,50.0
station_owner_1758953060699,Mineral,2025-09-08,1,110.0
station_owner_1758953060699,Mineral,2025-09-18,1,80.0
station_owner_1758953060699,Mineral,2025-09-22,2,100.0
station_owner_1758953060699,Mineral,2025-09-23,2,400.0
station_owner_1758953060705,Mineral,2025-08-05,1,90.0
station_owner_1758953060705,Mineral,2025-08-10,1,90.0
station_owner_1758953060705,Mineral,2025-09-03,1,60.0
station_owner_1758953060705,Mineral,2025-09-18,1,370.0
station_owner_1758953060705,Mineral,2025-09-24,1,90.0
station_owner_1758953060707,Alkaline,2025-07-30,1,80.0
station_owner_1758953060707,Alkaline,2025-08-05,1,80.0
station_owner_1758953060707,Alkaline,2025-08-08,1,130.0
station_owner_1758953060707,Alkaline,2025-08-11,1,80.0
station_owner_1758953060707,Alkaline,2025-08-13,1,105.0
station_owner_1758953060707,Alkaline,2025-08-14,1,105.0
station_owner_1758953060707,Alkaline,2025-08-20,1,105.0
station_owner_1758953060707,Alkaline,2025-08-23,1,80.0
station_owner_1758953060707,Alkaline,2025-08-26,1,80.0
station_owner_1758953060707,Alkaline,2025-08-29,1,130.0
station_owner_1758953060707,Alkaline,2025-08-31,1,130.0
station_owner_1758953060707,Alkaline,2025-09-06,2,720.0
station_owner_1758953060707,Alkaline,2025-09-10,1,550.0
station_owner_1758953060707,Alkaline,2025-09-15,1,105.0
station_owner_1758953060707,Alkaline,2025-09-18,1,130.0
station_owner_1758953060707,Alkaline,2025-09-22,1,105.0
station_owner_1758953060707,Alkaline,2025-09-24,2,210.0
station_owner_1758953060707,Alkaline,2025-09-25,1,130.0
station_owner_1758953060707,Alkaline,2025-09-26,2,235.0
station_owner_1758953060718,Mineral,2025-08-13,1,120.0
station_owner_1758953060718,Mineral,2025-08-20,1,120.0
station_owner_1758953060718,Mineral,2025-09-09,1,120.0
station_owner_1758953060718,Mineral,2025-09-16,1,150.0
station_owner_1758953060718,Mineral,2025-09-27,1,150.0
station_owner_1758953060741,Distilled,2025-07-31,1,175.0
station_owner_1758953060741,Distilled,2025-08-02,1,135.0
station_owner_1758953060741,Distilled,2025-08-05,1,175.0
station_owner_1758953060741,Distilled,2025-08-10,1,95.0
station_owner_1758953060741,Distilled,2025-08-11,1,175.0
station_owner_1758953060741,Distilled,2025-08-12,1,175.0
station_owner_1758953060741,Distilled,2025-09-02,2,270.0
station_owner_1758953060741,Distilled,2025-09-10,1,95.0
station_owner_1758953060741,Distilled,2025-09-25,1,135.0
station_owner_1758953060742,Mineral,2025-07-31,2,535.0
station_owner_1758953060742,Mineral,2025-08-01,1,425.0
station_owner_1758953060742,Mineral,2025-08-06,1,110.0
station_owner_1758953060742,Mineral,2025-08-31,1,135.0
station_owner_1758953060742,Mineral,2025-09-07,1,110.0
station_owner_1758953060742,Mineral,2025-09-10,1,85.0
station_owner_1758953060742,Mineral,2025-09-11,1,85.0
station_owner_1758953060742,Mineral,2025-09-20,1,110.0
station_owner_1758953060742,Mineral,2025-09-21,2,195.0
station_owner_1758953060742,Mineral,2025-09-23,1,575.0
station_owner_1758953060750,Purified,2025-08-01,1,60.0
station_owner_1758953060750,Purified,2025-09-04,1,60.0
station_owner_1758953060751,Purified,2025-08-30,1,95.0
station_owner_1758953060751,Purified,2025-09-02,1,95.0
station_owner_1758953060751,Purified,2025-09-12,1,470.0
station_owner_1758953060751,Purified,2025-09-13,1,70.0
station_owner_1758953060751,Purified,2025-09-15,1,70.0
station_owner_1758953060751,Purified,2025-09-21,1,45.0
station_owner_1758953060752,Purified,2025-08-02,1,665.0
station_owner_1758953060752,Purified,2025-08-03,1,90.0
station_owner_1758953060752,Purified,2025-08-05,1,90.0
station_owner_1758953060752,Purified,2025-08-15,1,160.0
station_owner_1758953060752,Purified,2025-08-20,1,90.0
station_owner_1758953060752,Purified,2025-08-28,1,160.0
station_owner_1758953060752,Purified,2025-08-30,1,125.0
station_owner_1758953060752,Purified,2025-09-03,1,160.0
station_owner_1758953060752,Purified,2025-09-04,1,125.0
station_owner_1758953060752,Purified,2025-09-11,1,125.0
station_owner_1758953060752,Purified,2025-09-18,1,160.0
station_owner_1758953060752,Purified,2025-09-19,1,125.0
station_owner_1758953060752,Purified,2025-09-22,1,125.0
station_owner_1758953060752,Purified,2025-09-23,1,90.0
station_owner_1758953060756,Mineral,2025-08-05,1,50.0
station_owner_1758953060756,Mineral,2025-08-13,1,100.0
station_owner_1758953060756,Mineral,2025-08-31,1,50.0
station_owner_1758953060756,Mineral,2025-09-01,1,480.0
station_owner_1758953060756,Mineral,2025-09-04,2,200.0
station_owner_1758953060756,Mineral,2025-09-21,1,100.0
station_owner_1758953060756,Mineral,2025-09-23,1,480.0
station_owner_1758953060759,Distilled,2025-08-15,1,145.0
station_owner_1758953060759,Distilled,2025-08-17,1,145.0
station_owner_1758953060759,Distilled,2025-08-18,2,370.0
station_owner_1758953060759,Distilled,2025-08-19,1,105.0
station_owner_1758953060759,Distilled,2025-08-30,1,65.0
station_owner_1758953060759,Distilled,2025-08-31,1,65.0
station_owner_1758953060759,Distilled,2025-09-02,1,265.0
station_owner_1758953060759,Distilled,2025-09-15,1,265.0
station_owner_1758953060759,Distilled,2025-09-17,1,105.0
station_owner_1758953060771,Distilled,2025-08-07,2,640.0
station_owner_1758953060771,Distilled,2025-08-14,1,140.0
station_owner_1758953060771,Distilled,2025-08-28,1,140.0
station_owner_1758953060771,Distilled,2025-09-09,1,70.0
station_owner_1758953060771,Distilled,2025-09-14,1,105.0
station_owner_1758953060771,Distilled,2025-09-16,1,140.0
station_owner_1758953060771,Distilled,2025-09-22,1,140.0
station_owner_1758953060771,Distilled,2025-09-26,1,640.0
station_owner_1758953060778,Alkaline,2025-08-09,1,100.0
station_owner_1758953060778,Alkaline,2025-08-27,1,545.0
station_owner_1758953060781,Purified,2025-08-06,1,420.0
station_owner_1758953060781,Purified,2025-08-12,1,80.0
station_owner_1758953060781,Purified,2025-08-13,1,330.0
station_owner_1758953060781,Purified,2025-08-15,1,80.0
station_owner_1758953060781,Purified,2025-08-24,1,80.0
station_owner_1758953060781,Purified,2025-08-27,1,120.0
station_owner_1758953060781,Purified,2025-09-01,1,120.0
station_owner_1758953060781,Purified,2025-09-05,1,80.0
station_owner_1758953060781,Purified,2025-09-16,1,120.0
station_owner_1758953060781,Purified,2025-09-19,1,80.0
station_owner_1758953060781,Purified,2025-09-21,1,80.0
station_owner_1758953060792,Purified,2025-08-07,1,110.0
station_owner_1758953060792,Purified,2025-08-11,1,75.0
station_owner_1758953060792,Purified,2025-08-29,1,110.0
station_owner_1758953060792,Purified,2025-09-03,1,110.0
station_owner_1758953060792,Purified,2025-09-05,1,145.0
station_owner_1758953060792,Purified,2025-09-12,1,575.0
station_owner_1758953060792,Purified,2025-09-15,1,110.0
station_owner_1758953060799,Distilled,2025-08-02,1,410.0
station_owner_1758953060799,Distilled,2025-08-11,1,90.0
station_owner_1758953060799,Distilled,2025-09-06,1,130.0
station_owner_1758953060799,Distilled,2025-09-08,2,220.0
station_owner_1758953060799,Distilled,2025-09-19,1,90.0
station_owner_1758953060799,Distilled,2025-09-23,1,90.0
station_owner_1758953060799,Distilled,2025-09-24,1,90.0
station_owner_1758953060803,Alkaline,2025-08-01,1,100.0
station_owner_1758953060803,Alkaline,2025-08-11,1,65.0
station_owner_1758953060803,Alkaline,2025-08-17,1,445.0
station_owner_1758953060803,Alkaline,2025-08-19,1,135.0
station_owner_1758953060803,Alkaline,2025-08-28,1,135.0
station_owner_1758953060803,Alkaline,2025-08-29,1,100.0
station_owner_1758953060807,Purified,2025-08-16,1,105.0
station_owner_1758953060807,Purified,2025-09-03,1,105.0
station_owner_1758953060811,Distilled,2025-07-31,1,75.0
station_owner_1758953060811,Distilled,2025-08-03,1,105.0
station_owner_1758953060811,Distilled,2025-08-15,1,75.0
station_owner_1758953060811,Distilled,2025-08-28,1,135.0
station_owner_1758953060811,Distilled,2025-08-31,1,105.0
station_owner_1758953060811,Distilled,2025-09-02,1,105.0
station_owner_1758953060811,Distilled,2025-09-03,1,75.0
station_owner_1758953060811,Distilled,2025-09-07,2,150.0
station_owner_1758953060828,Purified,2025-08-01,1,55.0
station_owner_1758953060828,Purified,2025-08-02,1,115.0
station_owner_1758953060828,Purified,2025-08-03,2,790.0
station_owner_1758953060828,Purified,2025-08-04,2,230.0
station_owner_1758953060828,Purified,2025-08-08,1,85.0
station_owner_1758953060828,Purified,2025-08-09,1,55.0
station_owner_1758953060828,Purified,2025-08-12,1,55.0
station_owner_1758953060828,Purified,2025-08-13,1,85.0
station_owner_1758953060828,Purified,2025-08-14,1,55.0
station_owner_1758953060828,Purified,2025-08-15,2,110.0
station_owner_1758953060828,Purified,2025-08-17,1,115.0
station_owner_1758953060828,Purified,2025-08-19,1,305.0
station_owner_1758953060828,Purified,2025-08-20,2,670.0
station_owner_1758953060828,Purified,2025-08-27,1,115.0
station_owner_1758953060828,Purified,2025-08-29,2,110.0
station_owner_1758953060828,Purified,2025-08-31,1,55.0
station_owner_1758953060828,Purified,2025-09-05,1,85.0
station_owner_1758953060828,Purified,2025-09-07,1,55.0
station_owner_1758953060828,Purified,2025-09-08,1,55.0
station_owner_1758953060828,Purified,2025-09-09,1,115.0
station_owner_1758953060828,Purified,2025-09-11,3,935.0
station_owner_1758953060828,Purified,2025-09-20,1,115.0
station_owner_1758953060828,Purified,2025-09-21,1,765.0
station_owner_1758953060828,Purified,2025-09-22,1,115.0
station_owner_1758953060828,Purified,2025-09-23,1,115.0
station_owner_1758953060828,Purified,2025-09-25,1,115.0
station_owner_1758953060830,Alkaline,2025-08-08,1,500.0
station_owner_1758953060830,Alkaline,2025-09-10,1,140.0
station_owner_1758953060830,Alkaline,2025-09-19,1,100.0
station_owner_1758953060830,Alkaline,2025-09-25,1,630.0
station_owner_1758953060842,Purified,2025-08-06,1,105.0
station_owner_1758953060842,Purified,2025-08-07,1,105.0
station_owner_1758953060842,Purified,2025-08-15,1,145.0
station_owner_1758953060842,Purified,2025-08-20,1,105.0
station_owner_1758953060842,Purified,2025-08-31,1,65.0
station_owner_1758953060842,Purified,2025-09-13,1,145.0
station_owner_1758953060842,Purified,2025-09-15,1,105.0
station_owner_1758953060842,Purified,2025-09-20,1,145.0
station_owner_1758953060842,Purified,2025-09-21,1,105.0
station_owner_1758953060842,Purified,2025-09-25,1,145.0
station_owner_1758953060847,Alkaline,2025-08-14,1,95.0
station_owner_1758953060847,Alkaline,2025-09-14,1,175.0
station_owner_1758953060847,Alkaline,2025-09-18,1,95.0
station_owner_1758953060847,Alkaline,2025-09-24,1,495.0
station_owner_1758953060850,Distilled,2025-08-01,1,560.0
station_owner_1758953060850,Distilled,2025-08-08,1,125.0
station_owner_1758953060850,Distilled,2025-08-11,1,90.0
station_owner_1758953060850,Distilled,2025-08-12,1,125.0
station_owner_1758953060850,Distilled,2025-08-13,2,320.0
station_owner_1758953060850,Distilled,2025-08-16,1,125.0
station_owner_1758953060850,Distilled,2025-08-19,1,160.0
station_owner_1758953060850,Distilled,2025-08-20,1,160.0
station_owner_1758953060850,Distilled,2025-08-21,1,125.0
station_owner_1758953060850,Distilled,2025-08-23,1,525.0
station_owner_1758953060850,Distilled,2025-08-24,1,90.0
station_owner_1758953060850,Distilled,2025-09-02,1,600.0
station_owner_1758953060850,Distilled,2025-09-06,1,290.0
station_owner_1758953060850,Distilled,2025-09-08,1,125.0
station_owner_1758953060850,Distilled,2025-09-09,1,90.0
station_owner_1758953060850,Distilled,2025-09-11,2,285.0
station_owner_1758953060850,Distilled,2025-09-13,2,250.0
station_owner_1758953060850,Distilled,2025-09-15,1,125.0
station_owner_1758953060850,Distilled,2025-09-16,1,160.0
station_owner_1758953060850,Distilled,2025-09-18,1,160.0
station_owner_1758953060850,Distilled,2025-09-21,1,90.0
station_owner_1758953060850,Distilled,2025-09-24,1,125.0
station_owner_1758953060850,Distilled,2025-09-25,1,125.0
station_owner_1758953060850,Distilled,2025-09-26,1,160.0
station_owner_1758953060852,Alkaline,2025-08-15,2,145.0
station_owner_1758953060852,Alkaline,2025-08-17,1,85.0
station_owner_1758953060852,Alkaline,2025-08-27,1,110.0
station_owner_1758953060852,Alkaline,2025-09-13,1,110.0
station_owner_1758953060862,Alkaline,2025-08-02,1,145.0
station_owner_1758953060862,Alkaline,2025-08-04,1,145.0
station_owner_1758953060862,Alkaline,2025-08-11,1,145.0
station_owner_1758953060862,Alkaline,2025-08-12,1,115.0
station_owner_1758953060862,Alkaline,2025-08-19,1,145.0
station_owner_1758953060862,Alkaline,2025-08-20,1,145.0
station_owner_1758953060862,Alkaline,2025-08-21,1,115.0
station_owner_1758953060862,Alkaline,2025-08-23,1,115.0
station_owner_1758953060862,Alkaline,2025-09-04,1,535.0
station_owner_1758953060862,Alkaline,2025-09-11,1,85.0
station_owner_1758953060862,Alkaline,2025-09-12,1,145.0
station_owner_1758953060862,Alkaline,2025-09-13,1,115.0
station_owner_1758953060862,Alkaline,2025-09-18,1,145.0
station_owner_1758953060862,Alkaline,2025-09-22,1,515.0
station_owner_1758953060864,Mineral,2025-07-31,1,645.0
station_owner_1758953060864,Mineral,2025-08-01,1,105.0
station_owner_1758953060864,Mineral,2025-08-06,1,105.0
station_owner_1758953060864,Mineral,2025-08-13,1,145.0
station_owner_1758953060864,Mineral,2025-08-27,1,105.0
station_owner_1758953060864,Mineral,2025-08-31,1,65.0
station_owner_1758953060864,Mineral,2025-09-05,1,65.0
station_owner_1758953060864,Mineral,2025-09-12,1,105.0
station_owner_1758953060864,Mineral,2025-09-25,1,65.0
station_owner_1758953060875,Alkaline,2025-08-02,1,115.0
station_owner_1758953060875,Alkaline,2025-08-03,2,610.0
station_owner_1758953060875,Alkaline,2025-08-08,1,115.0
station_owner_1758953060875,Alkaline,2025-08-10,1,155.0
station_owner_1758953060875,Alkaline,2025-08-12,1,75.0
station_owner_1758953060875,Alkaline,2025-08-30,1,115.0
station_owner_1758953060875,Alkaline,2025-09-14,2,230.0
station_owner_1758953060875,Alkaline,2025-09-16,1,155.0
station_owner_1758953060875,Alkaline,2025-09-20,1,115.0
station_owner_1758953060875,Alkaline,2025-09-24,2,230.0
station_owner_1758953060875,Alkaline,2025-09-25,1,325.0
station_owner_1758953060875,Alkaline,2025-09-26,1,655.0
station_owner_1758953060879,Purified,2025-08-05,1,105.0
station_owner_1758953060879,Purified,2025-08-12,1,135.0
station_owner_1758953060879,Purified,2025-08-18,2,470.0
station_owner_1758953060879,Purified,2025-08-19,1,105.0
station_owner_1758953060879,Purified,2025-08-26,1,455.0
station_owner_1758953060879,Purified,2025-09-01,1,135.0
station_owner_1758953060879,Purified,2025-09-07,1,235.0
station_owner_1758953060879,Purified,2025-09-08,1,135.0
station_owner_1758953060879,Purified,2025-09-12,1,135.0
station_owner_1758953060879,Purified,2025-09-16,1,565.0
station_owner_1758953060879,Purified,2025-09-28,1,105.0
station_owner_1758953060886,Purified,2025-08-12,1,595.0
station_owner_1758953060886,Purified,2025-08-14,1,570.0
station_owner_1758953060886,Purified,2025-09-07,1,595.0
station_owner_1758953060886,Purified,2025-09-10,1,70.0
station_owner_1758953060886,Purified,2025-09-19,1,95.0
station_owner_1758953060893,Mineral,2025-08-01,1,620.0
station_owner_1758953060893,Mineral,2025-08-06,1,130.0
station_owner_1758953060893,Mineral,2025-08-07,1,60.0
station_owner_1758953060893,Mineral,2025-08-09,1,95.0
station_owner_1758953060893,Mineral,2025-08-10,1,60.0
station_owner_1758953060893,Mineral,2025-08-27,1,130.0
station_owner_1758953060893,Mineral,2025-09-07,1,60.0
station_owner_1758953060893,Mineral,2025-09-10,1,130.0
station_owner_1758953060893,Mineral,2025-09-13,1,130.0
station_owner_1758953060894,Distilled,2025-08-04,1,105.0
station_owner_1758953060894,Distilled,2025-08-05,1,540.0
station_owner_1758953060894,Distilled,2025-08-10,1,105.0
station_owner_1758953060894,Distilled,2025-08-16,1,105.0
station_owner_1758953060894,Distilled,2025-08-18,1,140.0
station_owner_1758953060894,Distilled,2025-08-25,1,70.0
station_owner_1758953060894,Distilled,2025-09-08,1,105.0
station_owner_1758953060894,Distilled,2025-09-11,1,140.0
station_owner_1758953060894,Distilled,2025-09-23,1,470.0
station_owner_1758953060894,Distilled,2025-09-24,1,70.0
station_owner_1758953060918,Mineral,2025-08-02,1,70.0
station_owner_1758953060918,Mineral,2025-08-03,1,530.0
station_owner_1758953060918,Mineral,2025-08-06,1,130.0
station_owner_1758953060918,Mineral,2025-08-11,1,100.0
station_owner_1758953060918,Mineral,2025-08-26,1,100.0
station_owner_1758953060918,Mineral,2025-08-28,1,100.0
station_owner_1758953060925,Alkaline,2025-07-31,1,85.0
station_owner_1758953060925,Alkaline,2025-08-01,1,120.0
station_owner_1758953060925,Alkaline,2025-08-03,1,120.0
station_owner_1758953060925,Alkaline,2025-08-06,1,155.0
station_owner_1758953060925,Alkaline,2025-08-10,1,415.0
station_owner_1758953060925,Alkaline,2025-08-17,1,155.0
station_owner_1758953060925,Alkaline,2025-08-20,1,120.0
station_owner_1758953060925,Alkaline,2025-09-03,1,155.0
station_owner_1758953060925,Alkaline,2025-09-14,1,120.0
station_owner_1758953060933,Alkaline,2025-08-17,1,105.0
station_owner_1758953060933,Alkaline,2025-08-19,1,65.0
station_owner_1758953060933,Alkaline,2025-08-25,1,665.0
station_owner_1758953060933,Alkaline,2025-08-26,1,145.0
station_owner_1758953060933,Alkaline,2025-08-27,1,105.0
station_owner_1758953060933,Alkaline,2025-08-29,1,65.0
station_owner_1758953060933,Alkaline,2025-08-31,1,145.0
station_owner_1758953060933,Alkaline,2025-09-05,1,65.0
station_owner_1758953060933,Alkaline,2025-09-10,1,105.0
station_owner_1758953060933,Alkaline,2025-09-17,1,315.0
station_owner_1758953060933,Alkaline,2025-09-19,1,315.0
station_owner_1758953060947,Purified,2025-07-31,1,75.0
station_owner_1758953060947,Purified,2025-08-11,1,135.0
station_owner_1758953060947,Purified,2025-09-04,1,395.0
station_owner_1758953060947,Purified,2025-09-08,1,135.0
station_owner_1758953060947,Purified,2025-09-12,1,135.0
station_owner_1758953060947,Purified,2025-09-23,1,565.0
station_owner_1758953060947,Purified,2025-09-27,2,560.0
station_owner_1758953060953,Alkaline,2025-08-02,2,160.0
station_owner_1758953060953,Alkaline,2025-08-05,1,110.0
station_owner_1758953060953,Alkaline,2025-08-10,1,80.0
station_owner_1758953060953,Alkaline,2025-09-05,1,50.0
station_owner_1758953060954,Alkaline,2025-08-19,1,140.0
station_owner_1758953060954,Alkaline,2025-09-15,2,360.0
station_owner_1758953060954,Alkaline,2025-09-25,1,180.0
station_owner_1758953060966,Purified,2025-08-01,1,125.0
station_owner_1758953060966,Purified,2025-08-05,1,95.0
station_owner_1758953060966,Purified,2025-08-17,2,470.0
station_owner_1758953060966,Purified,2025-08-21,1,65.0
station_owner_1758953060968,Distilled,2025-08-07,1,95.0
station_owner_1758953060968,Distilled,2025-08-08,1,65.0
station_owner_1758953060968,Distilled,2025-08-12,1,95.0
station_owner_1758953060968,Distilled,2025-08-21,1,125.0
station_owner_1758953060968,Distilled,2025-08-30,1,565.0
station_owner_1758953060968,Distilled,2025-09-01,1,65.0
station_owner_1758953060968,Distilled,2025-09-03,2,370.0
station_owner_1758953060968,Distilled,2025-09-11,1,65.0
station_owner_1758953060968,Distilled,2025-09-18,2,400.0
station_owner_1758953060983,Purified,2025-08-20,1,125.0
station_owner_1758953060983,Purified,2025-08-22,1,345.0
station_owner_1758953060983,Purified,2025-08-23,1,160.0
station_owner_1758953060983,Purified,2025-08-31,1,90.0
station_owner_1758953060983,Purified,2025-09-03,1,160.0
station_owner_1758953060983,Purified,2025-09-05,1,125.0
station_owner_1758953060983,Purified,2025-09-08,1,125.0
station_owner_1758953060997,Alkaline,2025-08-03,1,615.0
station_owner_1758953060997,Alkaline,2025-08-08,1,60.0
station_owner_1758953060997,Alkaline,2025-08-16,1,130.0
station_owner_1758953060997,Alkaline,2025-08-20,1,130.0
station_owner_1758953060997,Alkaline,2025-09-02,1,95.0
station_owner_1758953060997,Alkaline,2025-09-07,1,95.0
station_owner_1758953060997,Alkaline,2025-09-08,1,650.0
station_owner_1758953060997,Alkaline,2025-09-13,1,95.0
station_owner_1758953060997,Alkaline,2025-09-15,1,95.0
station_owner_1758953061015,Alkaline,2025-08-09,1,130.0
station_owner_1758953061015,Alkaline,2025-08-13,1,130.0
station_owner_1758953061015,Alkaline,2025-08-21,1,170.0
station_owner_1758953061015,Alkaline,2025-08-22,1,170.0
station_owner_1758953061015,Alkaline,2025-09-05,1,170.0
station_owner_1758953061015,Alkaline,2025-09-18,1,170.0
station_owner_1758953061015,Alkaline,2025-09-20,1,90.0
station_owner_1758953061017,Purified,2025-08-07,1,145.0
station_owner_1758953061017,Purified,2025-08-08,1,335.0
station_owner_1758953061017,Purified,2025-08-12,1,105.0
station_owner_1758953061017,Purified,2025-08-15,1,445.0
station_owner_1758953061017,Purified,2025-08-19,1,65.0
station_owner_1758953061017,Purified,2025-08-26,1,105.0
station_owner_1758953061017,Purified,2025-09-10,1,65.0
station_owner_1758953061017,Purified,2025-09-14,1,255.0
station_owner_1758953061017,Purified,2025-09-20,1,65.0
station_owner_1758953061017,Purified,2025-09-24,1,105.0
station_owner_1758953061017,Purified,2025-09-25,1,105.0
station_owner_1758953061017,Purified,2025-09-28,1,105.0
station_owner_1758953061021,Mineral,2025-08-24,1,120.0
station_owner_1758953061021,Mineral,2025-08-29,1,390.0
station_owner_1758953061021,Mineral,2025-09-03,1,160.0
station_owner_1758953061021,Mineral,2025-09-08,1,120.0
station_owner_1758953061021,Mineral,2025-09-15,1,580.0
station_owner_1758953061021,Mineral,2025-09-27,1,580.0
station_owner_1758953061022,Purified,2025-08-01,1,105.0
station_owner_1758953061022,Purified,2025-08-05,1,445.0
station_owner_1758953061022,Purified,2025-08-10,1,135.0
station_owner_1758953061022,Purified,2025-08-14,2,240.0
station_owner_1758953061022,Purified,2025-08-18,2,210.0
station_owner_1758953061022,Purified,2025-08-30,1,755.0
station_owner_1758953061022,Purified,2025-08-31,1,105.0
station_owner_1758953061022,Purified,2025-09-02,1,615.0
station_owner_1758953061022,Purified,2025-09-04,2,270.0
station_owner_1758953061022,Purified,2025-09-10,1,75.0
station_owner_1758953061022,Purified,2025-09-15,1,75.0
station_owner_1758953061022,Purified,2025-09-21,1,75.0
station_owner_1758953061024,Purified,2025-08-06,1,75.0
station_owner_1758953061024,Purified,2025-08-12,1,105.0
station_owner_1758953061024,Purified,2025-08-18,1,75.0
station_owner_1758953061024,Purified,2025-08-26,1,365.0
station_owner_1758953061024,Purified,2025-08-27,1,595.0
station_owner_1758953061024,Purified,2025-09-10,2,240.0
station_owner_1758953061024,Purified,2025-09-22,1,75.0
station_owner_1758953061029,Distilled,2025-07-31,1,105.0
station_owner_1758953061029,Distilled,2025-08-05,1,135.0
station_owner_1758953061029,Distilled,2025-08-13,1,135.0
station_owner_1758953061029,Distilled,2025-08-16,1,535.0
station_owner_1758953061029,Distilled,2025-08-17,1,75.0
station_owner_1758953061029,Distilled,2025-08-18,1,135.0
station_owner_1758953061029,Distilled,2025-08-21,1,105.0
station_owner_1758953061029,Distilled,2025-08-25,1,135.0
station_owner_1758953061029,Distilled,2025-09-04,1,75.0
station_owner_1758953061029,Distilled,2025-09-07,1,75.0
station_owner_1758953061029,Distilled,2025-09-16,1,105.0
station_owner_1758953061029,Distilled,2025-09-19,2,150.0
station_owner_1758953061029,Distilled,2025-09-21,1,75.0
station_owner_1758953061029,Distilled,2025-09-23,1,105.0
station_owner_1758953061029,Distilled,2025-09-24,1,75.0
station_owner_1758953061030,Distilled,2025-07-31,1,640.0
station_owner_1758953061030,Distilled,2025-08-01,1,110.0
station_owner_1758953061030,Distilled,2025-08-03,1,580.0
station_owner_1758953061030,Distilled,2025-08-04,1,80.0
station_owner_1758953061030,Distilled,2025-08-08,2,250.0
station_owner_1758953061030,Distilled,2025-08-10,1,80.0
station_owner_1758953061030,Distilled,2025-08-11,2,830.0
station_owner_1758953061030,Distilled,2025-08-14,1,80.0
station_owner_1758953061030,Distilled,2025-08-19,1,140.0
station_owner_1758953061030,Distilled,2025-08-25,1,430.0
station_owner_1758953061030,Distilled,2025-08-29,2,220.0
station_owner_1758953061030,Distilled,2025-09-01,1,400.0
station_owner_1758953061030,Distilled,2025-09-05,1,80.0
station_owner_1758953061030,Distilled,2025-09-06,1,140.0
station_owner_1758953061030,Distilled,2025-09-07,1,110.0
station_owner_1758953061030,Distilled,2025-09-08,2,190.0
station_owner_1758953061030,Distilled,2025-09-10,2,280.0
station_owner_1758953061030,Distilled,2025-09-11,2,190.0
station_owner_1758953061030,Distilled,2025-09-12,2,250.0
station_owner_1758953061030,Distilled,2025-09-13,2,730.0
station_owner_1758953061030,Distilled,2025-09-15,1,110.0
station_owner_1758953061030,Distilled,2025-09-17,1,110.0
station_owner_1758953061030,Distilled,2025-09-18,1,640.0
station_owner_1758953061030,Distilled,2025-09-20,2,220.0
station_owner_1758953061030,Distilled,2025-09-21,1,140.0
station_owner_1758953061030,Distilled,2025-09-24,1,430.0
station_owner_1758953061030,Distilled,2025-09-27,3,330.0
station_owner_1758953061030,Distilled,2025-09-28,1,140.0
station_owner_1758953061034,Purified,2025-08-01,1,155.0
station_owner_1758953061034,Purified,2025-08-04,1,120.0
station_owner_1758953061034,Purified,2025-08-15,1,85.0
station_owner_1758953061034,Purified,2025-08-16,2,275.0
station_owner_1758953061034,Purified,2025-08-18,1,305.0
station_owner_1758953061050,Purified,2025-07-30,1,275.0
station_owner_1758953061050,Purified,2025-08-01,1,300.0
station_owner_1758953061050,Purified,2025-08-12,1,105.0
station_owner_1758953061050,Purified,2025-08-22,1,380.0
station_owner_1758953061050,Purified,2025-08-29,1,105.0
station_owner_1758953061050,Purified,2025-09-02,1,105.0
station_owner_1758953061050,Purified,2025-09-12,1,55.0
station_owner_1758953061050,Purified,2025-09-17,1,80.0
station_owner_1758953061050,Purified,2025-09-19,1,55.0
station_owner_1758953061050,Purified,2025-09-20,1,80.0
station_owner_1758953061051,Alkaline,2025-07-30,1,90.0
station_owner_1758953061051,Alkaline,2025-07-31,1,65.0
station_owner_1758953061051,Alkaline,2025-08-24,1,90.0
station_owner_1758953061051,Alkaline,2025-08-28,1,65.0
station_owner_1758953061051,Alkaline,2025-09-02,1,65.0
station_owner_1758953061051,Alkaline,2025-09-11,1,65.0
station_owner_1758953061051,Alkaline,2025-09-14,1,115.0
station_owner_1758953061051,Alkaline,2025-09-18,1,65.0
station_owner_1758953061053,Mineral,2025-09-02,1,140.0
station_owner_1758953061067,Purified,2025-08-01,1,130.0
station_owner_1758953061067,Purified,2025-08-06,1,265.0
station_owner_1758953061067,Purified,2025-08-14,2,225.0
station_owner_1758953061067,Purified,2025-08-18,1,60.0
station_owner_1758953061067,Purified,2025-09-08,1,130.0
station_owner_1758953061067,Purified,2025-09-17,1,130.0
station_owner_1758953061067,Purified,2025-09-25,1,655.0
station_owner_1758953061074,Alkaline,2025-08-08,1,100.0
station_owner_1758953061074,Alkaline,2025-08-11,1,135.0
station_owner_1758953061074,Alkaline,2025-08-18,1,135.0
station_owner_1758953061074,Alkaline,2025-08-20,1,100.0
station_owner_1758953061074,Alkaline,2025-08-26,2,200.0
station_owner_1758953061074,Alkaline,2025-08-30,1,65.0
station_owner_1758953061074,Alkaline,2025-09-05,1,135.0
station_owner_1758953061074,Alkaline,2025-09-08,1,135.0
station_owner_1758953061074,Alkaline,2025-09-22,1,345.0
station_owner_1758953061077,Distilled,2025-07-31,1,85.0
station_owner_1758953061077,Distilled,2025-08-11,1,165.0
station_owner_1758953061077,Distilled,2025-08-16,1,125.0
station_owner_1758953061077,Distilled,2025-08-21,1,125.0
station_owner_1758953061077,Distilled,2025-09-02,1,165.0
station_owner_1758953061077,Distilled,2025-09-05,1,415.0
station_owner_1758953061077,Distilled,2025-09-08,1,365.0
station_owner_1758953061077,Distilled,2025-09-09,2,170.0
station_owner_1758953061077,Distilled,2025-09-18,1,85.0
station_owner_1758953061077,Distilled,2025-09-23,1,695.0
station_owner_1758953061077,Distilled,2025-09-27,1,85.0
station_owner_1758953061078,Distilled,2025-08-02,1,155.0
station_owner_1758953061078,Distilled,2025-08-04,1,155.0
station_owner_1758953061078,Distilled,2025-08-08,1,85.0
station_owner_1758953061078,Distilled,2025-08-15,1,85.0
station_owner_1758953061078,Distilled,2025-08-31,1,85.0
station_owner_1758953061078,Distilled,2025-09-02,1,475.0
station_owner_1758953061078,Distilled,2025-09-03,1,440.0
station_owner_1758953061078,Distilled,2025-09-04,1,120.0
station_owner_1758953061078,Distilled,2025-09-13,1,280.0
station_owner_1758953061078,Distilled,2025-09-18,1,155.0
station_owner_1758953061078,Distilled,2025-09-22,1,155.0
station_owner_1758953061078,Distilled,2025-09-25,1,120.0
station_owner_1758953061080,Alkaline,2025-08-03,1,145.0
station_owner_1758953061080,Alkaline,2025-08-06,1,145.0
station_owner_1758953061080,Alkaline,2025-08-09,1,665.0
station_owner_1758953061080,Alkaline,2025-09-04,1,145.0
station_owner_1758953061080,Alkaline,2025-09-08,1,115.0
station_owner_1758953061080,Alkaline,2025-09-09,1,145.0
station_owner_1758953061080,Alkaline,2025-09-15,1,85.0
station_owner_1758953061080,Alkaline,2025-09-17,1,115.0
station_owner_1758953061080,Alkaline,2025-09-25,1,145.0
station_owner_1758953061085,Mineral,2025-07-31,1,135.0
station_owner_1758953061085,Mineral,2025-08-12,1,85.0
station_owner_1758953061085,Mineral,2025-09-01,1,135.0
station_owner_1758953061085,Mineral,2025-09-03,1,85.0
station_owner_1758953061085,Mineral,2025-09-04,1,135.0
station_owner_1758953061085,Mineral,2025-09-07,1,135.0
station_owner_1758953061085,Mineral,2025-09-12,1,110.0
station_owner_1758953061085,Mineral,2025-09-13,1,110.0
station_owner_1758953061085,Mineral,2025-09-16,1,135.0
station_owner_1758953061086,Alkaline,2025-08-12,1,110.0
station_owner_1758953061086,Alkaline,2025-08-18,1,50.0
station_owner_1758953061086,Alkaline,2025-08-20,1,110.0
station_owner_1758953061086,Alkaline,2025-09-03,1,110.0
station_owner_1758953061086,Alkaline,2025-09-16,1,50.0
station_owner_1758953061086,Alkaline,2025-09-19,1,110.0
station_owner_1758953061086,Alkaline,2025-09-21,1,50.0
station_owner_1758953061089,Distilled,2025-08-05,1,125.0
station_owner_1758953061089,Distilled,2025-08-07,1,160.0
station_owner_1758953061089,Distilled,2025-08-10,1,90.0
station_owner_1758953061089,Distilled,2025-08-23,1,160.0
station_owner_1758953061089,Distilled,2025-08-27,1,280.0
station_owner_1758953061089,Distilled,2025-08-28,1,90.0
station_owner_1758953061089,Distilled,2025-09-05,1,125.0
station_owner_1758953061093,Mineral,2025-08-07,1,105.0
station_owner_1758953061093,Mineral,2025-08-15,1,80.0
station_owner_1758953061093,Mineral,2025-08-17,1,105.0
station_owner_1758953061093,Mineral,2025-08-18,1,80.0
station_owner_1758953061093,Mineral,2025-08-20,1,80.0
station_owner_1758953061093,Mineral,2025-08-28,1,80.0
station_owner_1758953061093,Mineral,2025-08-29,1,470.0
station_owner_1758953061093,Mineral,2025-08-31,1,130.0
station_owner_1758953061093,Mineral,2025-09-03,3,365.0
station_owner_1758953061093,Mineral,2025-09-08,1,130.0
station_owner_1758953061093,Mineral,2025-09-16,1,80.0
station_owner_1758953061093,Mineral,2025-09-19,1,105.0
station_owner_1758953061093,Mineral,2025-09-25,1,510.0
station_owner_1758953061101,Distilled,2025-07-30,1,180.0
station_owner_1758953061101,Distilled,2025-08-12,1,500.0
station_owner_1758953061101,Distilled,2025-08-24,4,560.0
station_owner_1758953061101,Distilled,2025-08-29,1,100.0
station_owner_1758953061101,Distilled,2025-09-02,1,180.0
station_owner_1758953061101,Distilled,2025-09-05,1,180.0
station_owner_1758953061101,Distilled,2025-09-07,1,140.0
station_owner_1758953061101,Distilled,2025-09-08,1,100.0
station_owner_1758953061101,Distilled,2025-09-15,1,140.0
station_owner_1758953061101,Distilled,2025-09-16,2,240.0
station_owner_1758953061101,Distilled,2025-09-17,1,490.0
station_owner_1758953061101,Distilled,2025-09-18,1,760.0
station_owner_1758953061110,Purified,2025-07-31,1,105.0
station_owner_1758953061110,Purified,2025-08-03,1,70.0
station_owner_1758953061110,Purified,2025-08-09,1,140.0
station_owner_1758953061110,Purified,2025-08-15,1,140.0
station_owner_1758953061110,Purified,2025-08-18,1,105.0
station_owner_1758953061110,Purified,2025-08-19,1,140.0
station_owner_1758953061110,Purified,2025-08-23,1,140.0
station_owner_1758953061110,Purified,2025-08-26,1,105.0
station_owner_1758953061110,Purified,2025-09-04,1,140.0
station_owner_1758953061110,Purified,2025-09-09,1,105.0
station_owner_1758953061110,Purified,2025-09-12,1,105.0
station_owner_1758953061110,Purified,2025-09-14,1,70.0
station_owner_1758953061112,Purified,2025-07-31,1,125.0
station_owner_1758953061112,Purified,2025-08-06,1,90.0
station_owner_1758953061112,Purified,2025-08-07,1,90.0
station_owner_1758953061112,Purified,2025-08-24,1,55.0
station_owner_1758953061112,Purified,2025-08-31,1,90.0
station_owner_1758953061112,Purified,2025-09-19,1,55.0
station_owner_1758953061115,Distilled,2025-07-30,1,445.0
station_owner_1758953061115,Distilled,2025-08-04,1,445.0
station_owner_1758953061115,Distilled,2025-08-08,1,345.0
station_owner_1758953061115,Distilled,2025-08-20,1,675.0
station_owner_1758953061115,Distilled,2025-08-24,1,75.0
station_owner_1758953061115,Distilled,2025-09-07,1,115.0
station_owner_1758953061115,Distilled,2025-09-09,1,495.0
station_owner_1758953061115,Distilled,2025-09-11,1,115.0
station_owner_1758953061115,Distilled,2025-09-27,1,75.0
station_owner_1758953061121,Mineral,2025-08-01,1,80.0
station_owner_1758953061121,Mineral,2025-08-07,1,110.0
station_owner_1758953061121,Mineral,2025-08-08,1,80.0
station_owner_1758953061121,Mineral,2025-08-10,1,110.0
station_owner_1758953061121,Mineral,2025-08-17,1,80.0
station_owner_1758953061121,Mineral,2025-08-21,1,140.0
station_owner_1758953061121,Mineral,2025-08-22,1,140.0
station_owner_1758953061121,Mineral,2025-09-08,1,140.0
station_owner_1758953061121,Mineral,2025-09-13,1,140.0
station_owner_1758953061121,Mineral,2025-09-28,1,110.0
station_owner_1758953061127,Mineral,2025-08-02,2,290.0
station_owner_1758953061127,Mineral,2025-08-05,1,605.0
station_owner_1758953061127,Mineral,2025-08-06,1,165.0
station_owner_1758953061127,Mineral,2025-08-09,1,85.0
station_owner_1758953061127,Mineral,2025-08-11,1,125.0
station_owner_1758953061127,Mineral,2025-08-28,1,125.0
station_owner_1758953061127,Mineral,2025-08-29,1,165.0
station_owner_1758953061127,Mineral,2025-08-30,1,165.0
station_owner_1758953061127,Mineral,2025-09-13,1,125.0
station_owner_1758953061127,Mineral,2025-09-23,1,165.0
station_owner_1758953061129,Purified,2025-07-31,1,165.0
station_owner_1758953061129,Purified,2025-08-15,1,125.0
station_owner_1758953061129,Purified,2025-08-19,2,570.0
station_owner_1758953061129,Purified,2025-08-20,1,85.0
station_owner_1758953061129,Purified,2025-08-25,1,165.0
station_owner_1758953061129,Purified,2025-08-29,1,345.0
station_owner_1758953061129,Purified,2025-09-22,1,85.0
station_owner_1758953061129,Purified,2025-09-23,1,85.0
station_owner_1758953061131,Distilled,2025-07-31,1,95.0
station_owner_1758953061131,Distilled,2025-08-04,1,95.0
station_owner_1758953061131,Distilled,2025-08-10,1,165.0
station_owner_1758953061131,Distilled,2025-08-20,1,130.0
station_owner_1758953061131,Distilled,2025-08-22,1,130.0
station_owner_1758953061131,Distilled,2025-09-08,1,480.0
station_owner_1758953061131,Distilled,2025-09-09,1,165.0
station_owner_1758953061131,Distilled,2025-09-10,1,385.0
station_owner_1758953061131,Distilled,2025-09-24,1,165.0
station_owner_1758953061131,Distilled,2025-09-26,1,665.0
station_owner_1758953061135,Purified,2025-08-24,1,50.0
station_owner_1758953061135,Purified,2025-09-06,1,75.0
station_owner_1758953061135,Purified,2025-09-12,1,50.0
station_owner_1758953061135,Purified,2025-09-15,1,570.0
station_owner_1758953061135,Purified,2025-09-18,1,560.0
station_owner_1758953061135,Purified,2025-09-20,1,50.0
station_owner_1758953061138,Distilled,2025-07-31,1,50.0
station_owner_1758953061138,Distilled,2025-08-04,1,75.0
station_owner_1758953061138,Distilled,2025-08-05,1,100.0
station_owner_1758953061138,Distilled,2025-08-10,1,75.0
station_owner_1758953061138,Distilled,2025-08-13,1,580.0
station_owner_1758953061138,Distilled,2025-08-26,1,50.0
station_owner_1758953061138,Distilled,2025-08-27,1,100.0
station_owner_1758953061138,Distilled,2025-08-30,1,50.0
station_owner_1758953061138,Distilled,2025-09-05,1,50.0
station_owner_1758953061138,Distilled,2025-09-06,1,610.0
station_owner_1758953061138,Distilled,2025-09-07,1,100.0
station_owner_1758953061138,Distilled,2025-09-14,1,50.0
station_owner_1758953061138,Distilled,2025-09-18,1,100.0
station_owner_1758953061138,Distilled,2025-09-21,1,100.0
station_owner_1758953061138,Distilled,2025-09-27,1,100.0
station_owner_1758953061143,Distilled,2025-07-30,1,335.0
station_owner_1758953061143,Distilled,2025-08-01,1,605.0
station_owner_1758953061143,Distilled,2025-08-07,1,145.0
station_owner_1758953061143,Distilled,2025-08-14,1,65.0
station_owner_1758953061143,Distilled,2025-08-18,1,105.0
station_owner_1758953061143,Distilled,2025-08-30,1,605.0
station_owner_1758953061143,Distilled,2025-09-03,1,65.0
station_owner_1758953061143,Distilled,2025-09-08,1,375.0
station_owner_1758953061143,Distilled,2025-09-11,1,65.0
station_owner_1758953061143,Distilled,2025-09-27,1,65.0
station_owner_1758953061160,Purified,2025-08-02,2,260.0
station_owner_1758953061160,Purified,2025-08-07,1,165.0
station_owner_1758953061160,Purified,2025-08-08,1,165.0
station_owner_1758953061160,Purified,2025-08-24,1,165.0
station_owner_1758953061164,Mineral,2025-07-31,1,525.0
station_owner_1758953061164,Mineral,2025-08-04,1,60.0
station_owner_1758953061164,Mineral,2025-08-09,1,660.0
station_owner_1758953061164,Mineral,2025-08-10,1,110.0
station_owner_1758953061164,Mineral,2025-08-11,1,660.0
station_owner_1758953061164,Mineral,2025-08-18,2,830.0
station_owner_1758953061164,Mineral,2025-08-19,1,110.0
station_owner_1758953061164,Mineral,2025-08-21,2,195.0
station_owner_1758953061164,Mineral,2025-08-24,1,610.0
station_owner_1758953061164,Mineral,2025-08-31,2,120.0
station_owner_1758953061164,Mineral,2025-09-03,2,745.0
station_owner_1758953061164,Mineral,2025-09-05,1,85.0
station_owner_1758953061164,Mineral,2025-09-11,1,110.0
station_owner_1758953061164,Mineral,2025-09-20,1,110.0
station_owner_1758953061164,Mineral,2025-09-27,1,85.0
station_owner_1758953061170,Alkaline,2025-08-10,1,120.0
station_owner_1758953061170,Alkaline,2025-08-29,1,530.0
station_owner_1758953061170,Alkaline,2025-09-18,1,70.0
station_owner_1758953061170,Alkaline,2025-09-23,1,580.0
station_owner_1758953061170,Alkaline,2025-09-27,1,120.0
station_owner_1758953061171,Purified,2025-07-31,1,310.0
station_owner_1758953061171,Purified,2025-08-11,1,105.0
station_owner_1758953061171,Purified,2025-08-16,1,140.0
station_owner_1758953061171,Purified,2025-09-02,1,490.0
station_owner_1758953061171,Purified,2025-09-10,1,70.0
station_owner_1758953061171,Purified,2025-09-11,1,105.0
station_owner_1758953061171,Purified,2025-09-14,1,70.0
station_owner_1758953061171,Purified,2025-09-23,1,70.0
station_owner_1758953061176,Alkaline,2025-08-02,1,165.0
station_owner_1758953061176,Alkaline,2025-08-08,2,260.0
station_owner_1758953061176,Alkaline,2025-08-09,2,260.0
station_owner_1758953061176,Alkaline,2025-08-12,2,260.0
station_owner_1758953061176,Alkaline,2025-08-14,1,130.0
station_owner_1758953061176,Alkaline,2025-08-18,2,260.0
station_owner_1758953061176,Alkaline,2025-08-21,1,165.0
station_owner_1758953061176,Alkaline,2025-08-23,1,95.0
station_owner_1758953061176,Alkaline,2025-08-27,1,165.0
station_owner_1758953061176,Alkaline,2025-08-28,2,295.0
station_owner_1758953061176,Alkaline,2025-08-31,1,95.0
station_owner_1758953061176,Alkaline,2025-09-01,1,565.0
station_owner_1758953061176,Alkaline,2025-09-18,1,95.0
station_owner_1758953061176,Alkaline,2025-09-20,1,130.0
station_owner_1758953061188,Mineral,2025-08-23,1,60.0
station_owner_1758953061188,Mineral,2025-08-30,1,130.0
station_owner_1758953061188,Mineral,2025-09-02,2,855.0
station_owner_1758953061188,Mineral,2025-09-11,1,500.0
station_owner_1758953061199,Alkaline,2025-08-03,1,380.0
station_owner_1758953061199,Alkaline,2025-08-06,1,140.0
station_owner_1758953061199,Alkaline,2025-08-08,1,100.0
station_owner_1758953061199,Alkaline,2025-08-09,1,100.0
station_owner_1758953061199,Alkaline,2025-08-13,1,60.0
station_owner_1758953061199,Alkaline,2025-08-20,1,100.0
station_owner_1758953061199,Alkaline,2025-08-21,1,140.0
station_owner_1758953061199,Alkaline,2025-08-22,1,140.0
station_owner_1758953061199,Alkaline,2025-08-26,1,580.0
station_owner_1758953061199,Alkaline,2025-08-28,1,60.0
station_owner_1758953061199,Alkaline,2025-09-06,2,640.0
station_owner_1758953061199,Alkaline,2025-09-13,1,60.0
station_owner_1758953061199,Alkaline,2025-09-15,1,140.0
station_owner_1758953061199,Alkaline,2025-09-19,1,140.0
station_owner_1758953061199,Alkaline,2025-09-22,1,60.0
station_owner_1758953061199,Alkaline,2025-09-25,1,140.0
station_owner_1758953061200,Mineral,2025-08-09,1,775.0
station_owner_1758953061200,Mineral,2025-08-12,1,50.0
station_owner_1758953061200,Mineral,2025-08-13,1,75.0
station_owner_1758953061200,Mineral,2025-08-22,1,50.0
station_owner_1758953061200,Mineral,2025-08-24,1,75.0
station_owner_1758953061200,Mineral,2025-09-02,1,100.0
station_owner_1758953061200,Mineral,2025-09-03,1,100.0
station_owner_1758953061200,Mineral,2025-09-07,1,100.0
station_owner_1758953061200,Mineral,2025-09-08,1,75.0
station_owner_1758953061200,Mineral,2025-09-11,1,440.0
station_owner_1758953061200,Mineral,2025-09-13,1,100.0
station_owner_1758953061200,Mineral,2025-09-18,1,390.0
station_owner_1758953061200,Mineral,2025-09-21,1,75.0
station_owner_1758953061200,Mineral,2025-09-23,1,100.0
station_owner_1758953061206,Mineral,2025-08-07,1,90.0
station_owner_1758953061206,Mineral,2025-08-10,1,125.0
station_owner_1758953061206,Mineral,2025-09-06,1,90.0
station_owner_1758953061206,Mineral,2025-09-13,1,90.0
station_owner_1758953061206,Mineral,2025-09-22,1,125.0
station_owner_1758953061206,Mineral,2025-09-27,1,90.0
